# InSight catalogue art credits — GENERATED by scripts/build-catalog-art.mjs athletes, do not edit.
# One row per image under web/catalog-art/athletes/:
# key<TAB>file<TAB>name<TAB>author<TAB>licence<TAB>source
# The key is the catalogue key (public/athletes.txt); the file is what
# hosting serves; author and licence are what the licence requires shown
# beside the picture, which the app's credits sheet draws from this file.
# A takedown is `node scripts/build-catalog-art.mjs athletes --remove <key>` (D420).
# 632 entries.
615	615.webp	Lionel Messi	Bryan Berlin	CC BY-SA 4.0	https://commons.wikimedia.org/wiki/File:Leo_Messi_Argentina_v_Egypt_7_July_2026-1.jpg
624	624.webp	Alessandro Del Piero	Retouched by Blackcat	CC BY-SA 2.0	https://commons.wikimedia.org/wiki/File:Alessandro_Del_Piero%2C_New_York_NY_2015.jpg
1189	1189.webp	Usain Bolt	Fernando Frazão/Agência Brasil	CC BY 3.0 br	https://commons.wikimedia.org/wiki/File:Usain_Bolt_Rio_100m_final_2016k.jpg
1426	1426.webp	Roger Federer	si.robi	CC BY-SA 2.0	https://commons.wikimedia.org/wiki/File:Federer_WM16_(37)_(28136155830).jpg
1835	1835.webp	Zinedine Zidane	Hadi Abyar	CC BY 4.0	https://commons.wikimedia.org/wiki/File:Zinedine_Zidane_by_Tasnim_03.jpg
1839	1839.webp	Laurent Blanc	Julien Manceau	CC BY-SA 4.0	https://commons.wikimedia.org/wiki/File:Laurent_blanc_11_11_2013_reves_de_Clara.jpg
1894	1894.webp	Memphis Depay	Derivative work: Joe Sins	CC BY-SA 4.0	https://commons.wikimedia.org/wiki/File:Memphis_Depay_2019.jpg
1907	1907.webp	Hugo Lloris	Кирилл Венедиктов	CC BY-SA 3.0	https://commons.wikimedia.org/wiki/File:Lloris_2018_(cropped).jpg
1909	1909.webp	Adil Rami	Stanislav Vedmid	CC BY-SA 3.0	https://commons.wikimedia.org/wiki/File:Adil_Rami_20120611.jpg
1911	1911.webp	Olivier Giroud	Антон Зайцев	CC BY-SA 3.0	https://commons.wikimedia.org/wiki/File:Olivier_Giroud_2018.jpg
1912	1912.webp	Karim Benzema	Zack	CC BY 4.0	https://commons.wikimedia.org/wiki/File:Karim_Benzema_Pick.jpg
1913	1913.webp	Florent Malouda	Stanislav Vedmid	CC BY-SA 3.0	https://commons.wikimedia.org/wiki/File:Malouda2012.JPG
1916	1916.webp	Patrice Evra	Web Summit	CC BY 2.0	https://commons.wikimedia.org/wiki/File:Patrice_Evra_(52472689279)_(cropped).jpg
1918	1918.webp	Franck Ribéry	Sven Mandel	CC BY-SA 4.0	https://commons.wikimedia.org/wiki/File:Franck_Ribery_2019_(cropped).jpg
1920	1920.webp	Samir Nasri	Станислав Ведмидь/Stanislav Vedmid'/Stanisław Wiedmid'	CC BY-SA 3.0	https://commons.wikimedia.org/wiki/File:Samir_Nasri_Euro_2012.jpg
1921	1921.webp	Blaise Matuidi	Илья Хохлов	CC BY-SA 3.0	https://commons.wikimedia.org/wiki/File:Matuidi_PSG.jpg
1935	1935.webp	Eric Abidal	Mutari 16:30, 5 March 2008 (UTC)	Public domain	https://commons.wikimedia.org/wiki/File:%C3%89ric_Abidal_-_001.jpg
1938	1938.webp	Bacary Sagna	Doha Stadium Plus Qatar from Doha, Qatar	CC BY 2.0	https://commons.wikimedia.org/wiki/File:Bacary_Sagna_2012.jpg
1939	1939.webp	Nicolas Anelka	Amarhgil	Attribution	https://commons.wikimedia.org/wiki/File:Nicolas_Anelka_4720.jpg
2069	2069.webp	Juan Manuel Fangio	Unknown authorUnknown author	Public domain	https://commons.wikimedia.org/wiki/File:Juan_Manuel_Fangio_(circa_1952).jpg
2086	2086.webp	Alberto Ascari	El Gráfico	Public domain	https://commons.wikimedia.org/wiki/File:Alberto_Ascari_-_El_Gr%C3%A1fico_1587.jpg
2125	2125.webp	Jack Brabham	Lothar Spurzem	CC BY-SA 2.0 de	https://commons.wikimedia.org/wiki/File:BrabhamJack1966B.jpg
2172	2172.webp	Lance Armstrong	Paul Coster	CC BY 2.0	https://commons.wikimedia.org/wiki/File:Lance_Armstrong_(Tour_Down_Under_2009).jpg
2339	2339.webp	Robin van Persie	Елена Рыбакова	CC BY-SA 3.0	https://commons.wikimedia.org/wiki/File:Loco-Fener_(10).jpg
3188	3188.webp	Jackie Stewart	unknown author	CC BY-SA 2.0	https://commons.wikimedia.org/wiki/File:Jackie_Stewart_speaking.jpg
3910	3910.webp	Albert II, Prince of Monaco	https://www.flickr.com/photos/unfccc/ Unclimaitechange	CC BY 2.0	https://commons.wikimedia.org/wiki/File:Prince_Albert_II_2016.jpg
4203	4203.webp	Felix Baumgartner	12. Internationale Sportnacht Davos from Davos, Schweiz	CC BY-SA 2.0	https://commons.wikimedia.org/wiki/File:12._Internationale_Sportnacht_Davos_2014_(15409745296)_(cropped).jpg
4457	4457.webp	Franz Beckenbauer	Panini Group	Public domain	https://commons.wikimedia.org/wiki/File:Franz_Beckenbauer_(1975).jpg
4462	4462.webp	Joachim Löw	Granada	CC BY-SA 4.0	https://commons.wikimedia.org/wiki/File:20180602_FIFA_Friendly_Match_Austria_vs._Germany_Jogi_L%C3%B6w_850_1386.jpg
4599	4599.webp	Raúl Albiol	Rolandhino1	CC BY-SA 4.0	https://commons.wikimedia.org/wiki/File:UEFA_EURO_qualifiers_Sweden_vs_Spain_20191015_136_(cropped).jpg
5812	5812.webp	Novak Djokovic	Andymiah	CC BY-SA 4.0	https://commons.wikimedia.org/wiki/File:Novak_Djokovic_Paris_2024_Olympic_Games_(cropped).jpg
6319	6319.webp	Yelena Isinbayeva	Russian Presidential Press and Information Office	CC BY 4.0	https://commons.wikimedia.org/wiki/File:%D0%95%D0%BB%D0%B5%D0%BD%D0%B0_%D0%98%D1%81%D0%B8%D0%BD%D0%B1%D0%B0%D0%B5%D0%B2_%D0%B2_%D0%9A%D1%80%D0%B5%D0%BC%D0%BB%D0%B5.jpg
7407	7407.webp	Andre Agassi	Shinya Suzuki from New York, U.S.A.	CC BY 2.0	https://commons.wikimedia.org/wiki/File:Andre_Agassi_(2011).jpg
9446	9446.webp	Pete Sampras	Craig ONeal	CC BY-SA 2.0	https://commons.wikimedia.org/wiki/File:Pete_Sampras_(2008)_1%2C_cropped.jpg
9488	9488.webp	Sachin Tendulkar	Bollywood Hungama	CC BY 3.0	https://commons.wikimedia.org/wiki/File:Sachin_at_Castrol_Golden_Spanner_Awards_(crop).jpg
9671	9671.webp	Michael Schumacher	Original: Aécio Neves – Wellington Pedro/Imprensa MG / Derivative work: F1fans, FMSky	CC BY 2.0	https://commons.wikimedia.org/wiki/File:Michael_Schumacher%2C_September_2005.jpg
10068	10068.webp	Lindsey Vonn	Stefan Brending (2eight)	CC BY-SA 3.0 de	https://commons.wikimedia.org/wiki/File:2017_Audi_FIS_Ski_Weltcup_Garmisch-Partenkirchen_Damen_-_Lindsey_Vonn_-_by_2eight_-_8SC8048.jpg
10118	10118.webp	Victoria Azarenka	Carine06 from UK	CC BY-SA 2.0	https://commons.wikimedia.org/wiki/File:Victoria_Azarenka_(41705054005).jpg
10125	10125.webp	Andy Murray	Brendan Dennis	CC BY-SA 4.0	https://commons.wikimedia.org/wiki/File:2015_Australian_Open_-_Andy_Murray_12_(cropped).jpg
10132	10132.webp	Rafael Nadal	Barcex	CC BY-SA 4.0	https://commons.wikimedia.org/wiki/File:Rafael_Nadal_en_2024_(cropped).jpg
10490	10490.webp	Ayrton Senna	File:Ayrton Senna 2.jpg: Instituto Ayrton Senna derivative work: F1fans	CC BY 2.0	https://commons.wikimedia.org/wiki/File:Ayrton_Senna_Pesawat_RC_Cropped.jpg
10494	10494.webp	Alain Prost	Thesupermat	CC BY-SA 4.0	https://commons.wikimedia.org/wiki/File:Festival_automobile_international_2015_-_Photocall_-_065_(cropped).jpg
10505	10505.webp	Damon Hill	Original: Martin Lee from London, UK / Derivative work: Danyele	CC BY-SA 2.0	https://commons.wikimedia.org/wiki/File:Damon_Hill_in_the_paddock_before_the_1993_British_Grand_Prix_(32873541593)_(cropped).jpg
10510	10510.webp	Jenson Button	Engyles	CC BY 2.0	https://commons.wikimedia.org/wiki/File:2018_British_Grand_Prix_-_Jenson_Button_(08).jpg
10514	10514.webp	Fernando Alonso	Off The Track Media	CC BY 2.0	https://commons.wikimedia.org/wiki/File:Fernando_Alonso_racing_at_the_2024_F1_in_Schools_World_Finals_(cropped).jpg
10520	10520.webp	David Beckham	Soccer Aid for Unicef	CC BY 3.0	https://commons.wikimedia.org/wiki/File:David_Beckham_UNICEF_(cropped).jpg
10524	10524.webp	Ryan Giggs	James Adams	CC BY 2.0	https://commons.wikimedia.org/wiki/File:Ryan_Giggs_in_2008.jpg
10560	10560.webp	Freddie Ljungberg	Ricardo Alvarez	CC BY 2.0	https://commons.wikimedia.org/wiki/File:Fredrik_Ljungberg_2006.jpg
10602	10602.webp	Ashley Young	Кирилл Венедиктов	CC BY-SA 3.0	https://commons.wikimedia.org/wiki/File:Ashley_Young_2018-06-13_1.jpg
10993	10993.webp	Tiger Woods	The White House from Washington, DC	Public domain	https://commons.wikimedia.org/wiki/File:Tiger_Woods_in_May_2019.jpg
11192	11192.webp	Kimi Räikkönen	Zach Catanzareti Photo	CC BY 2.0	https://commons.wikimedia.org/wiki/File:Kimi_raikkonen_(52780844274)_(cropped).jpg
11459	11459.webp	Serena Williams	Edwin Martinez	CC BY 2.0	https://commons.wikimedia.org/wiki/File:Serena_Williams_at_2013_US_Open.jpg
11571	11571.webp	Cristiano Ronaldo	Bryan Berlin	CC BY-SA 4.0	https://commons.wikimedia.org/wiki/File:Cristiano_Ronaldo_Croatia_v_Portugal_2_July_2026-075_(cropped).jpg
11576	11576.webp	Raúl	Doha Stadium Plus Qatar	CC BY 2.0	https://commons.wikimedia.org/wiki/File:Raul_Gonzalez_2012_2.jpg
11578	11578.webp	Venus Williams	Tatiana from Moscow, Russia	CC BY-SA 2.0	https://commons.wikimedia.org/wiki/File:Venus_Williams_(14948553428).jpg
11584	11584.webp	Iker Casillas	Зайцев Антон	CC BY-SA 3.0	https://commons.wikimedia.org/wiki/File:Iker_Casillas_2.jpg
11662	11662.webp	Steffi Graf	Steffi_Graf_in_Hamburg.jpg: Mark Henckel from Hamburg-Altona, Deutschland (http://sommer-in-hamburg…	CC BY-SA 2.0	https://commons.wikimedia.org/wiki/File:Steffi_Graf_in_Hamburg_2010_(cropped).jpg
11666	11666.webp	Maria Sharapova	Tourism Victoria	CC BY 2.0	https://commons.wikimedia.org/wiki/File:Sharapova2016.jpg
11677	11677.webp	Lindsay Davenport	Donna & Keith	CC BY 2.0	https://commons.wikimedia.org/wiki/File:Davenport_Lindsay.jpg
11682	11682.webp	Justine Henin	unknown author	Copyrighted free use	https://commons.wikimedia.org/wiki/File:Justine_Henin.JPG
11685	11685.webp	Kim Clijsters	User:Vegafi	CC0	https://commons.wikimedia.org/wiki/File:Kim_Clijsters_2011_crop2.jpg
11948	11948.webp	Michael Ballack	Die Bildermacherei Cuxhaven, Kerstin Tietje	CC BY-SA 4.0	https://commons.wikimedia.org/wiki/File:10._Tag_der_Legenden_2014_69.jpg
12897	12897.webp	Pelé	Unknown authorUnknown author	Public domain	https://commons.wikimedia.org/wiki/File:Pele_con_brasil_(cropped).jpg
12984	12984.webp	Stephan El Shaarawy	Clément Bucco-Lechat	CC BY-SA 3.0	https://commons.wikimedia.org/wiki/File:20150616_-_Portugal_-_Italie_-_Gen%C3%A8ve_-_Stephan_El_Shaarawy_(cropped).jpg
13308	13308.webp	Samuel Umtiti	Антон Зайцев	CC BY-SA 3.0	https://commons.wikimedia.org/wiki/File:Samuel_Umtiti_2018.jpg
14286	14286.webp	Chris Evert	unknown, Florida Memory	Public domain	https://commons.wikimedia.org/wiki/File:Chris_Evert.jpg
15199	15199.webp	Jack Wilshere	--Steindy (talk) 16:09, 29 August 2019 (UTC)	CC BY-SA 4.0	https://commons.wikimedia.org/wiki/File:Jack_Wilshere_-_Hertha_BSC_vs._West_Ham_United_(20190731).jpg
15269	15269.webp	Jelena Janković	Tatiana from Moscow, Russia	CC BY-SA 2.0	https://commons.wikimedia.org/wiki/File:Jelena_Jankovi%C4%87_2015.jpg
16474	16474.webp	John McEnroe	Charlie Cowins	CC BY 2.0	https://commons.wikimedia.org/wiki/File:John_McEnroe_at_the_2009_US_Open_01a_(cropped).jpg
17158	17158.webp	Carles Puyol	Pedro J Pacheco	CC BY-SA 4.0	https://commons.wikimedia.org/wiki/File:Premios_Goya_2020_-_Carles_Pujol.jpg
17163	17163.webp	Johan Cruyff	Nationaal Archief	CC BY-SA 3.0 nl	https://commons.wikimedia.org/wiki/File:Johan_Cruyff_in_trainingspak_Nederlands_Elftal_%2C_kop.jpg
17493	17493.webp	Thiago Alcântara	Rolandhino1	CC BY-SA 4.0	https://commons.wikimedia.org/wiki/File:UEFA_EURO_qualifiers_Sweden_vs_Spain_20191015_Thiago_Alcantara_13_(cropped).jpg
17499	17499.webp	Cesc Fàbregas	Web Summit	CC BY 2.0	https://commons.wikimedia.org/wiki/File:2023_-_Cesc_Fabregas_(cropped).jpg
17500	17500.webp	Xavi Hernández	Mehdi Zare	CC BY 4.0	https://commons.wikimedia.org/wiki/File:Xavi_13981129001173637176666027076571.jpg
17507	17507.webp	Gerard Piqué	Vinod Divakaran	CC BY 2.0	https://commons.wikimedia.org/wiki/File:GerardPique.jpg
17515	17515.webp	Diego Maradona	Unknown authorUnknown author	Public domain	https://commons.wikimedia.org/wiki/File:Argentina_celebrando_copa_(cropped).jpg
18962	18962.webp	Adrien Rabiot	Bryan Berlin	CC BY-SA 4.0	https://commons.wikimedia.org/wiki/File:Adrien_Rabiot_France_v_Senegal_16_June_2026-371_(cropped).jpg
18976	18976.webp	Ole Gunnar Solskjær	Tor Atle Kleven	CC BY-SA 2.0	https://commons.wikimedia.org/wiki/File:Ole_Gunnar_Solskjaer_Trondheim2011-1_crop.jpg
19497	19497.webp	Oscar	Ailura	CC BY-SA 3.0 at	https://commons.wikimedia.org/wiki/File:20141118_AUTBRA_5023.jpg
20110	20110.webp	Francesco Totti	Photojournalist Roberto Vicario derivative work: Clarus The Dogcow (talk)	CC BY-SA 3.0	https://commons.wikimedia.org/wiki/File:Francesco_Totti_Vicario_(crop).jpg
20469	20469.webp	Alan Dzagoev	Антон Зайцев	CC BY-SA 3.0	https://commons.wikimedia.org/wiki/File:CSKA-RM18_(14).jpg
22102	22102.webp	Larisa Latynina	Пресс-служба Президента России	CC BY 4.0	https://commons.wikimedia.org/wiki/File:Larisa_Latynina%2C_2010.jpg
25369	25369.webp	Kobe Bryant	Kobe_Bryant_8.jpg: *Kobe_Bryant_7144.jpg: Sgt. Joseph A. Lee derivative work: JoeJohnson2 (talk) de…	Public domain	https://commons.wikimedia.org/wiki/File:KBryant8.jpg
26069	26069.webp	Klaas-Jan Huntelaar	xtranews.de	CC BY 2.0	https://commons.wikimedia.org/wiki/File:Klaas-Jan_Huntelaar_2011.jpg
26517	26517.webp	Luis Suárez	Bryan Berlin	CC BY-SA 4.0	https://commons.wikimedia.org/wiki/File:Luis_Su%C3%A1rez_NE_Revolution_Inter_Miami_7.9.25-053_(cropped).jpg
26580	26580.webp	Antonio Conte	Clément Bucco-Lechat	CC BY-SA 3.0	https://commons.wikimedia.org/wiki/File:20150616_Antonio_Conte.jpg
27694	27694.webp	Emre Can	Sandro Halank, Wikimedia Commons	CC BY-SA 4.0	https://commons.wikimedia.org/wiki/File:2023-08-12_TSV_Schott_Mainz_gegen_Borussia_Dortmund_(DFB-Pokal_2023-24)_by_Sandro_Halank%E2%80%93148_(cropped).jpg
28614	28614.webp	Garry Kasparov	Lukasz Kobus	CC BY 4.0	https://commons.wikimedia.org/wiki/File:Garry_Kasparov_European_Union_2023_(cropped).jpg
29162	29162.webp	Tomáš Rosický	joshjdss	CC BY 2.0	https://commons.wikimedia.org/wiki/File:Arsenal_Vs_Burnley_(24618630252).jpg
29491	29491.webp	Chris Smalling	Дмитрий Голубович	CC BY-SA 3.0	https://commons.wikimedia.org/wiki/File:CSKA-MU_2017_(15).jpg
29516	29516.webp	Theo Walcott	Armanamirahmadi	CC BY-SA 4.0	https://commons.wikimedia.org/wiki/File:Theo_walcott.jpg
29545	29545.webp	Kevin Durant	Keith Allison	CC BY-SA 2.0	https://commons.wikimedia.org/wiki/File:Kevin_Durant_Feb_2014.jpg
29566	29566.webp	Michael Carrick	Timmy96	CC0	https://commons.wikimedia.org/wiki/File:Michael_Carrick_12042025_(5)_(cropped).jpg
30758	30758.webp	Ana Ivanovic	Tatiana from Moscow, Russia	CC BY-SA 2.0	https://commons.wikimedia.org/wiki/File:Ana_Ivanovi%C4%87_(14948461930).jpg
30767	30767.webp	Caroline Wozniacki	Keith Allison from Hanover, MD, USA	CC BY-SA 2.0	https://commons.wikimedia.org/wiki/File:2016_Citi_Open_Caroline_Wozniacki_(28300404642).jpg
30812	30812.webp	Petra Kvitová	Peter Menzel	CC BY-SA 2.0	https://commons.wikimedia.org/wiki/File:Petra_Kvitov%C3%A1_Maud_Watson_trophy_2018.jpg
31683	31683.webp	Dwyane Wade	Flickr user Keith Allison	CC BY-SA 2.0	https://commons.wikimedia.org/wiki/File:Dwyane_Wade_e1.jpg
31919	31919.webp	Vitali Klitschko	Sven Teschke	CC BY-SA 3.0 de	https://commons.wikimedia.org/wiki/File:2014-09-12_-_Vitali_Klitschko_-_9019_(cropped).jpg
31981	31981.webp	David Alaba	Granada	CC BY-SA 4.0	https://commons.wikimedia.org/wiki/File:20180610_FIFA_Friendly_Match_Austria_vs._Brazil_David_Alaba_850_1632.jpg
33228	33228.webp	Nadia Comăneci	Unknown (Comitetul Olimpic si Sportiv Roman)	Public domain	https://commons.wikimedia.org/wiki/File:Nadia_Com%C4%83neci_Moscow1980.jpeg
33817	33817.webp	Edmund Hillary	Mariusz Kubik, http://www.mariuszkubik.pl	CC BY 2.5	https://commons.wikimedia.org/wiki/File:Edmund_Hillary_by_Kubik_2004.jpg
34276	34276.webp	Garbiñe Muguruza	Barcex	CC BY-SA 4.0	https://commons.wikimedia.org/wiki/File:25th_Laureus_World_Sports_Awards_-_Red_Carpet_-_Garbi%C3%B1e_Muguruza_-_240422_182724-2_(cropped).jpg
36107	36107.webp	Muhammad Ali	Bernard Gotfryd	Public domain	https://commons.wikimedia.org/wiki/File:Muhammad_Ali%2C_gtfy.00140.jpg
36159	36159.webp	LeBron James	Erik Drost	CC BY 2.0	https://commons.wikimedia.org/wiki/File:LeBron_James_(51959977144)_(cropped2).jpg
38136	38136.webp	Marcelo Vieira	Granada	CC BY-SA 4.0	https://commons.wikimedia.org/wiki/File:20180610_FIFA_Friendly_Match_Austria_vs._Brazil_Marcelo_850_1622.jpg
39444	39444.webp	Ronaldinho	Nuță Lucian	CC BY-SA 2.0	https://commons.wikimedia.org/wiki/File:Sports_Festival_2025_-_4_(cropped).jpg
39562	39562.webp	Michael Phelps	Agência Brasil Fotografias	CC BY 2.0	https://commons.wikimedia.org/wiki/File:Michael_Phelps_August_2016.jpg
41244	41244.webp	Andriy Shevchenko	Міністерство молоді та спорту України	CC BY 4.0	https://commons.wikimedia.org/wiki/File:%D0%90%D0%BD%D0%B4%D1%80%D1%96%D0%B9_%D0%A8%D0%B5%D0%B2%D1%87%D0%B5%D0%BD%D0%BA%D0%BE_2024_(cropped).png
41314	41314.webp	Bobby Fischer	Bert Verhoeff for Anefo	CC0	https://commons.wikimedia.org/wiki/File:Bobby_Fischer_1972_(cropped).jpg
41421	41421.webp	Michael Jordan	DOD photo by D. Myles Cullen	Public domain	https://commons.wikimedia.org/wiki/File:Michael_Jordan_in_2014.jpg
41533	41533.webp	Frank Lampard	Mehdi Bolourian	CC BY 4.0	https://commons.wikimedia.org/wiki/File:Frank_Lampard_2019.jpg
42311	42311.webp	Sebastian Vettel	Morio	CC BY-SA 3.0	https://commons.wikimedia.org/wiki/File:Sebastian_Vettel_2011_Sebastian_Vettel_in_Yokohama.jpg
42731	42731.webp	Fernando Torres	cristina cifuentes	CC BY 2.0	https://commons.wikimedia.org/wiki/File:Fernando_Torres_2017.jpg
43304	43304.webp	Marcello Lippi	International Journalism Festival	CC BY-SA 2.0	https://commons.wikimedia.org/wiki/File:Marcello_Lippi_by_Martina_De_Siervo_-_International_Journalism_Festival_2010.jpg
43666	43666.webp	Thomas Müller	Werner100359	CC BY-SA 4.0	https://commons.wikimedia.org/wiki/File:Thomas_M%C3%BCller_2022_(cropped).jpg
43682	43682.webp	Philipp Lahm	Elena Ternovaja	CC BY-SA 3.0	https://commons.wikimedia.org/wiki/File:Philipp_Lahm_auf_der_Berlinale_2024%2C_Ausschnitt.jpg
43729	43729.webp	Andrés Iniesta	Bryan Berlin	CC BY-SA 4.0	https://commons.wikimedia.org/wiki/File:Andr%C3%A9s_Iniesta_Argentina_v_Spain_19_July_2026-034_(cropped).jpg
43744	43744.webp	Gerd Müller	Unknown authorUnknown author	Public domain	https://commons.wikimedia.org/wiki/File:Gerd_M%C3%BCller_c1973_(cropped).jpg
43913	43913.webp	Arjen Robben	Дмитрий Садовников	CC BY-SA 3.0	https://commons.wikimedia.org/wiki/File:Arjen_Robben_2013.jpg
43926	43926.webp	Andrea Pirlo	Clément Bucco-Lechat	CC BY-SA 3.0	https://commons.wikimedia.org/wiki/File:20150616_-_Portugal_-_Italie_-_Gen%C3%A8ve_-_Andrea_Pirlo_(cropped).jpg
44068	44068.webp	Dirk Nowitzki	Sven Mandel	CC BY-SA 4.0	https://commons.wikimedia.org/wiki/File:Dirk_Nowitzki_-_2019202181209_2019-07-21_Champions_for_Charity_-_1829_-_B70I1864.jpg
44073	44073.webp	Bixente Lizarazu	Oscar Alonso Algote	CC BY-SA 2.0	https://commons.wikimedia.org/wiki/File:Bixente_Lizarazu_(cropped).jpg
44158	44158.webp	Dave Bautista	Daniel Benavides from Austin, TX	CC BY 2.0	https://commons.wikimedia.org/wiki/File:Batista_in_March_2019.jpg
44176	44176.webp	Hulk Hogan	Unknown photographer	Public domain	https://commons.wikimedia.org/wiki/File:Hulk_Hogan%2C_circa_1985.jpg
44298	44298.webp	Bastian Schweinsteiger	Anne Barth / re:publica	CC BY-SA 2.0	https://commons.wikimedia.org/wiki/File:Re-publica_23_-_Tag_3_(52957826298)_(cropped).jpg
44304	44304.webp	The Undertaker	Pfc. Hilario Martinez	Public domain	https://commons.wikimedia.org/wiki/File:The_Undertaker_US_Marine_Visit_2019_(cropped)2.jpg
44458	44458.webp	Paul Breitner	Christophe95	CC BY-SA 3.0	https://commons.wikimedia.org/wiki/File:Paul_Breitner_2011.jpg
44464	44464.webp	Rudi Völler	9EkieraM1	CC BY-SA 3.0	https://commons.wikimedia.org/wiki/File:Rudi_V%C3%B6ller_B%C3%BChne_(cropped).jpg
44473	44473.webp	O. J. Simpson	Gerald Johnson	Public domain	https://commons.wikimedia.org/wiki/File:O.J._Simpson_1990_%C2%B7_DN-ST-91-03444_crop.JPEG
44977	44977.webp	Pierre Cardin picha grande	Chensiyuan	CC BY-SA 4.0	https://commons.wikimedia.org/wiki/File:1_Pierre-Emerick_Aubameyang_(cropped).jpg
44980	44980.webp	Alex Ferguson	Austin Osuide	CC BY 2.0	https://commons.wikimedia.org/wiki/File:Alex_Ferguson.jpg
45613	45613.webp	Paul Scholes	James Adams	CC BY 2.0	https://commons.wikimedia.org/wiki/File:P_Scholes.jpg
45626	45626.webp	Ruud van Nistelrooy	Ardfern	CC BY-SA 4.0	https://commons.wikimedia.org/wiki/File:Ruud_van_Nistelrooy_2017.jpg
45747	45747.webp	Viswanathan Anand	Wolfgang Jekel	CC BY 2.0	https://commons.wikimedia.org/wiki/File:Viswanathan_Anand_(2016).jpeg
45766	45766.webp	Mario Gómez	Jeollo von VfB-exklusiv.de	CC BY 3.0	https://commons.wikimedia.org/wiki/File:Mario_gomez.jpg
45901	45901.webp	Thierry Henry	Web Summit	CC BY 2.0	https://commons.wikimedia.org/wiki/File:Thierry_Henry_(51649035951)_(cropped).jpg
46347	46347.webp	Patrick Vieira	Simon Heseltine	CC BY-SA 4.0	https://commons.wikimedia.org/wiki/File:Patrick_Vieira_NYCFC.JPG
46741	46741.webp	Leonardo Araújo	Doha Stadium Plus Qatar Photograph: Mohan (www.dohastadiumplusqatar.com)	CC BY 2.0	https://commons.wikimedia.org/wiki/File:Leonardo_Nascimento_de_Ara%C3%BAjo_2013-01-01_(cropped).jpg
46896	46896.webp	Zlatan Ibrahimović	Colleen Sturtevant	CC BY-SA 4.0	https://commons.wikimedia.org/wiki/File:Zlatan_Ibrahimovi%C4%87_nyc.jpg
47230	47230.webp	Andrey Arshavin	Анна Мейер	CC BY-SA 3.0	https://commons.wikimedia.org/wiki/File:Andrey_Arshavin_2021.jpg
47526	47526.webp	Zico	Doha Stadium Plus	CC BY 2.0	https://commons.wikimedia.org/wiki/File:Zico_2012.jpg
47548	47548.webp	Víctor Valdés	Дмитрий Неймырок	CC BY-SA 3.0	https://commons.wikimedia.org/wiki/File:V%C3%ADctor_Vald%C3%A9s_before_Euro_2012_vs_France_(cropped).jpg
47778	47778.webp	Gary Lineker	Liton Ali	CC BY 2.0	https://commons.wikimedia.org/wiki/File:Gary_Lineker_(cropped).jpg
47950	47950.webp	Carlos Vela	Светлана Бекетова	CC BY-SA 3.0	https://commons.wikimedia.org/wiki/File:Mex-Kor_(21)_(cropped).jpg
48330	48330.webp	Roberto Mancini	Presidenza della Repubblica	Attribution	https://commons.wikimedia.org/wiki/File:Roberto_Mancini_2021.jpg
48438	48438.webp	Saint George	Bernat Martorell	Public domain	https://commons.wikimedia.org/wiki/File:Martorell_-_Sant_Jordi.jpg
48770	48770.webp	Álvaro Morata	Кирилл Венедиктов	CC BY-SA 3.0	https://commons.wikimedia.org/wiki/File:%C3%81lvaro_Morata.jpg
48892	48892.webp	Didier Drogba	Y.Leclercq©	CC BY-SA 4.0	https://commons.wikimedia.org/wiki/File:Didier_Drogba_(2019)_(cropped).jpg
49704	49704.webp	Sergio Busquets	Bryan Berlin	CC BY-SA 4.0	https://commons.wikimedia.org/wiki/File:Sergio_Busquets_NYCFC_Miami_24_Sep_2025-020_(cropped).jpg
50600	50600.webp	Carlos Tevez	Egghead06	CC BY-SA 4.0	https://commons.wikimedia.org/wiki/File:Carlos_Tevez_with_Argentina_November_2014_(cropped).jpg
50603	50603.webp	Park Ji-Sung	Korea.net / Korean Culture and Information Service	CC BY-SA 2.0	https://commons.wikimedia.org/wiki/File:Park_Ji-sung_G20_Seoul_Summit_Ambassador_(cropped).jpg
52589	52589.webp	Emil Zátopek	Fotothek_df_roe-neg_0006305_003_Emil_Zátopek.jpg: Roger Rössing derivative work: MachoCarioca	CC BY-SA 3.0 de	https://commons.wikimedia.org/wiki/File:Fotothek_df_roe-neg_0006305_003_Emil_Z%C3%A1topek-2.jpg
52596	52596.webp	Abebe Bikila	Jack de Nijs for Anefo	CC0	https://commons.wikimedia.org/wiki/File:Abebe_Bikila_1968c.jpg
52651	52651.webp	Jesse Owens	Acme News Photos	Public domain	https://commons.wikimedia.org/wiki/File:Jesse_Owens_1936.jpg
52876	52876.webp	Javier Zanetti	Илья Хохлов	CC BY-SA 3.0	https://commons.wikimedia.org/wiki/File:Metalist-Inter_(2).jpg
52890	52890.webp	Gustaf V of Sweden	Unknown authorUnknown author	Public domain	https://commons.wikimedia.org/wiki/File:Gustaf_V_f%C3%A4rgfoto.jpg
53325	53325.webp	Arthur Ashe	Rob Bogaerts for Anefo	CC BY-SA 3.0 nl	https://commons.wikimedia.org/wiki/File:Arthur_Ashe_(cropped).jpg
53393	53393.webp	Jimmy Connors	John Mathew Smith & www.celebrity-photos.com from Laurel Maryland, USA	CC BY-SA 2.0	https://commons.wikimedia.org/wiki/File:Jimmy_Conners_1994.jpg
54094	54094.webp	Sami Khedira	Granada	CC BY-SA 4.0	https://commons.wikimedia.org/wiki/File:20180602_FIFA_Friendly_Match_Austria_vs._Germany_Sami_Khedira_850_0707.jpg
54527	54527.webp	Billie Jean King	Claire Fridkin	CC BY-SA 4.0	https://commons.wikimedia.org/wiki/File:Billie_Jean_King_at_the_2026_Sundance_Film_Festival_02_(cropped).jpg
54545	54545.webp	Martina Navratilova	Hans van Dijk for Anefo	CC0	https://commons.wikimedia.org/wiki/File:Tennis_Nederland_tegen_Verenigde_Staten_in_Den_Haag_Navratilova_in_aktie%2C_Bestanddeelnr_930-9118_(cropped).jpg
54584	54584.webp	Andy Roddick	Edwin Martinez	CC BY 2.0	https://commons.wikimedia.org/wiki/File:Andy_Roddick%2C_US_Open_Tennis_2010%2C_1st_Round_200_(cropped).jpg
57079	57079.webp	Jürgen Klinsmann	M. Sadegh Nikgostar	CC BY 4.0	https://commons.wikimedia.org/wiki/File:J%C3%BCrgen_Klinsmann_14021113000678638425063004371092_64131.jpg
57095	57095.webp	Emanuel Lasker	Unknown authorUnknown author	CC BY-SA 3.0 de	https://commons.wikimedia.org/wiki/File:Bundesarchiv_Bild_102-00457%2C_Emanuel_Lasker.jpg
57114	57114.webp	Jens Lehmann	Sven Mandel	CC BY-SA 4.0	https://commons.wikimedia.org/wiki/File:Jens_Lehmann_-_2019202184453_2019-07-21_Champions_for_Charity_-_3017_-_B70I3052_(cropped).jpg
57148	57148.webp	Cacau	Raimond Spekking	CC BY-SA 4.0	https://commons.wikimedia.org/wiki/File:Werkstattreihe_gemeinsam_f%C3%BCr_ein_starkes_Deutschland%2C_K%C3%B6ln-3523.jpg
58377	58377.webp	André Schürrle	Soccer.ru	CC BY-SA 3.0	https://commons.wikimedia.org/wiki/File:Sch%C3%BCrrle_2019.jpg
58441	58441.webp	Robinho	Reto Stauffer, www.hopp-schwiiz.ch	CC BY-SA 2.0 de	https://commons.wikimedia.org/wiki/File:Robinho061115-2_(cropped).jpg
58590	58590.webp	Yao Ming	U.S. Department of State	Public domain	https://commons.wikimedia.org/wiki/File:Yao_Ming_in_Beijing_in_2016_(cropped).jpg
59108	59108.webp	Kyle Walker	Кирилл Венедиктов	CC BY-SA 3.0	https://commons.wikimedia.org/wiki/File:Kyle_Walker.jpg
61886	61886.webp	Takashi Inui	Felix König	CC BY 3.0	https://commons.wikimedia.org/wiki/File:Takashi_Inui_IAA_September_2013.JPG
62786	62786.webp	Hulk	Вячеслав Евдокимов	CC BY-SA 3.0	https://commons.wikimedia.org/wiki/File:Bayer-04_-_Zenit_(14).jpg
67964	67964.webp	Roberto Baggio	AbolfaZl0990	CC BY-SA 4.0	https://commons.wikimedia.org/wiki/File:%D8%B1%D9%88%D8%A8%D8%B1%D8%AA%D9%88_%D8%A8%D8%A7%D8%AC%D9%88_(cropped).jpg
68060	68060.webp	Gianluigi Buffon	Original: Doha Stadium Plus Qatar from Doha, Qatar Derivative work: Alza08 Author	CC BY 2.0	https://commons.wikimedia.org/wiki/File:Gianluigi_Buffon_(31784615942)_(cropped).jpg
70550	70550.webp	Per Mertesacker	Michael Kranewitter	CC BY 3.0 at	https://commons.wikimedia.org/wiki/File:FIFA_WC-qualification_2014_-_Austria_vs._Germany_2012-09-11_-_Per_Mertesacker_01_(cropped).JPG
73360	73360.webp	Thibaut Courtois	Кирилл Венедиктов	CC BY-SA 3.0	https://commons.wikimedia.org/wiki/File:Thibaut_Courtois_at_the_2018_World_Cup_(cropped).jpg
73480	73480.webp	Willian	Кирилл Венедиктов	CC BY-SA 3.0	https://commons.wikimedia.org/wiki/File:Bra-Cos_(21)_(cropped_2).jpg
75820	75820.webp	Nico Rosberg	Sven Mandel	CC BY-SA 4.0	https://commons.wikimedia.org/wiki/File:Nico_Rosberg_2016.jpg
76089	76089.webp	Diego Milito	Steindy (talk) 13:14, 28 November 2009 (UTC)	CC BY-SA 3.0	https://commons.wikimedia.org/wiki/File:Diego_Milito_-_Inter_Mailand_(3).jpg
76334	76334.webp	Boris Becker	Sven Mandel	CC BY-SA 4.0	https://commons.wikimedia.org/wiki/File:Boris_Becker_-_2019102190927_2019-04-12_Radio_Regenbogen_Award_2019_-_Sven_-_1D_X_MK_II_-_0283_-_B70I6481-2.jpg
76547	76547.webp	Nico Hülkenberg	Original: Marc Alvarado / Derivative work: Danyele	CC BY-SA 2.0	https://commons.wikimedia.org/wiki/File:2019_Formula_One_tests_Barcelona%2C_Hulkenberg_(40287128313)_(headshot).jpg
77178	77178.webp	Angelique Kerber	Rob Keating from Canberra, Australia, Australia	CC BY 2.0	https://commons.wikimedia.org/wiki/File:Australian_Open_2020_(49836755508)_(cropped).jpg
78489	78489.webp	Niki Lauda	Hans van Dijk for Anefo / neg. stroken, 1945-1989, 2.24.01.05, item number 932-2315	CC0	https://commons.wikimedia.org/wiki/File:Lauda_at_1982_Dutch_Grand_Prix.jpg
79031	79031.webp	Mike Tyson	Super Festivals	CC BY 2.0	https://commons.wikimedia.org/wiki/File:Mike_Tyson_Photo_Op_GalaxyCon_Austin_2023.jpg
79983	79983.webp	José Mourinho	Zafer	CC BY 4.0	https://commons.wikimedia.org/wiki/File:Jos%C3%A9_Mourinho_20250206_(1).jpg
80306	80306.webp	Giorgio Chiellini	Original: Presidenza della Repubblica Derivative work: Danyele	Attribution	https://commons.wikimedia.org/wiki/File:Sergio_Mattarella_meets_Italy_national_football_team_and_Matteo_Berrettini_(12_July_2021)_30_-_Chiellini_(cropped).jpg
80471	80471.webp	Miroslav Klose	Sven Mandel	CC BY-SA 4.0	https://commons.wikimedia.org/wiki/File:2016209185719_2016-07-27_Champions_for_Charity_-_Sven_-_1D_X_-_0149_-_DV3P4742_mod.jpg
80732	80732.webp	Tenzing Norgay	original : OeiJamling Tenzing Norgay	CC BY-SA 3.0	https://commons.wikimedia.org/wiki/File:Tenzing_Norgay%2C_1953_-_2.jpg
80892	80892.webp	Isco	Антон Зайцев	CC BY-SA 3.0	https://commons.wikimedia.org/wiki/File:Liver-RM_(5)_(cropped_2).jpg
82652	82652.webp	Felipe Massa	TV Brasil Central AO VIVO	CC BY 3.0	https://commons.wikimedia.org/wiki/File:Felipe_Massa.jpg
82667	82667.webp	Mark Webber	Yu Chu Chin	CC BY-SA 4.0	https://commons.wikimedia.org/wiki/File:Mark_Webber_at_the_Melbourne_Walk_during_the_2026_Australian_Grand_Prix_(028A8717)_cropped.jpg
82805	82805.webp	Sergio Pérez	Grahampurse	CC BY-SA 4.0	https://commons.wikimedia.org/wiki/File:2021_US_GP_driver_parade_(cropped2).jpg
82816	82816.webp	Daniel Ricciardo	DaHuzyBru	CC BY-SA 4.0	https://commons.wikimedia.org/wiki/File:Daniel_Ricciardo_January_2024.jpg
83006	83006.webp	David Villa	Tânia Rêgo/ABr	CC BY 3.0 br	https://commons.wikimedia.org/wiki/File:Spain-Tahiti%2C_Confederations_Cup_2013_(02)_(Villa_crop).jpg
83106	83106.webp	Jürgen Klopp	Mehdi Bolourian	CC BY 4.0	https://commons.wikimedia.org/wiki/File:J%C3%BCrgen_Klopp%2C_Liverpool_vs._Chelsea%2C_UEFA_Super_Cup_2019-08-14_04.jpg
83456	83456.webp	John Terry	ChristopherJClarke	CC BY-SA 4.0	https://commons.wikimedia.org/wiki/File:John_Terry_at_pro-am_Wentworth_golf_course_September_2023_(cropped).jpg
83488	83488.webp	Mesut Özil	Amir Hosseini	CC BY 4.0	https://commons.wikimedia.org/wiki/File:Mesut_%C3%96zil_at_Baku_before_2019_UEFA_Europe_League_Final.jpg
84086	84086.webp	Aleksandar Mitrovic	Timmy96	CC BY 4.0	https://commons.wikimedia.org/wiki/File:Aleksandar_Mitrovi%C4%87_with_a_fan.jpg
93563	93563.webp	Luke Shaw	Ardfern	CC BY-SA 4.0	https://commons.wikimedia.org/wiki/File:Luke_Shaw%2C_Manchester_United_v_Newcastle_United%2C_11_September_2021_(44)_(cropped).jpg
96755	96755.webp	Antonio Rüdiger	Bryan Berlin	CC BY-SA 4.0	https://commons.wikimedia.org/wiki/File:Antonio_Rudiger_Ecuador_v_Germany_25_June_2026-055_(cropped).jpg
101942	101942.webp	Paavo Nurmi	Unknown authorUnknown author (Suomen Urheilumuseo)	Public domain	https://commons.wikimedia.org/wiki/File:Paavo_Nurmi_(Antwerp_1920).jpg
102027	102027.webp	Fabio Cannavaro	Original: Mech867 / Derivative work: Danyele	CC BY 4.0	https://commons.wikimedia.org/wiki/File:Fabio_Cannavaro_-_2024_(cropped).jpg
102301	102301.webp	Joe Frazier	Bill Apter or David Lee Waite	Public domain	https://commons.wikimedia.org/wiki/File:Joe_Frazier_color_portrait.png
102331	102331.webp	Sócrates	Foto U. Dettmar/ABr.	CC BY 3.0 br	https://commons.wikimedia.org/wiki/File:Socrates87660.jpg
102648	102648.webp	Wilhelm Steinitz	Schumann, Fritz	Public domain	https://commons.wikimedia.org/wiki/File:Steinitz%2C_William-4_-_DPLA_-_9eeab9ac335135c24b69ab7e36fc5354_(cropped).jpg
102664	102664.webp	Mikhail Tal	Croes, Rob C. for Anefo	CC BY-SA 3.0 nl	https://commons.wikimedia.org/wiki/File:Mikhail_Tal_1982.jpg
103756	103756.webp	Eddy Merckx	Nationaal Archief	No restrictions	https://commons.wikimedia.org/wiki/File:Eddy_Merckx_Molteni_1973.jpg
104454	104454.webp	Mario Götze	Steindy (talk) 19:34, 27 June 2011 (UTC)	CC BY-SA 3.0	https://commons.wikimedia.org/wiki/File:Mario_G%C3%B6tze%2C_Germany_national_football_team_(07).jpg
104506	104506.webp	Björn Borg	Michaël Bemelmans	CC BY-SA 4.0	https://commons.wikimedia.org/wiki/File:Bjorn_Borg_en_2014.jpg
105542	105542.webp	Miguel Induráin	Rafael G. Riancho	CC BY-SA 2.0	https://commons.wikimedia.org/wiki/File:Miguel_Indurain_en_la_Vuelta_a_Castilla_y_Le%C3%B3n_2009_(cropped).jpg
105589	105589.webp	Paul Morphy	unknown author	Public domain	https://commons.wikimedia.org/wiki/File:PaulmorphyHair.jpg
105838	105838.webp	Marion Bartoli	Clément Bucco-Lechat	CC BY-SA 3.0	https://commons.wikimedia.org/wiki/File:Valais_Cup_2013_-_OM-FC_Porto_13-07-2013_-_Marion_Bartoli.jpg
106807	106807.webp	Magnus Carlsen	Miroslav.vajdic	CC BY 4.0	https://commons.wikimedia.org/wiki/File:Magnus_Carlsen_in_2025.jpg
107051	107051.webp	Andrea Barzagli	Biser Todorov (original picture), Mess (derivative work)	CC BY 3.0	https://commons.wikimedia.org/wiki/File:Andrea_Barzagli_BGR-ITA_2012.jpg
107365	107365.webp	Manuel Neuer	Bryan Berlin	CC BY-SA 4.0	https://commons.wikimedia.org/wiki/File:Manuel_Neuer_Ecuador_v_Germany_25_June_2026-148.jpg
110053	110053.webp	Mats Hummels	Sandro Halank, Wikimedia Commons	CC BY-SA 4.0	https://commons.wikimedia.org/wiki/File:2023-08-12_TSV_Schott_Mainz_gegen_Borussia_Dortmund_(DFB-Pokal_2023-24)_by_Sandro_Halank%E2%80%93103_(cropped).jpg
113156	113156.webp	Robert Pires	Zack	CC BY 4.0	https://commons.wikimedia.org/wiki/File:Robert_Pir%C3%A8s.jpg
115453	115453.webp	Ivan Rakitić	Дмитрий Пукалик	CC BY-SA 3.0	https://commons.wikimedia.org/wiki/File:Ivan_Rakiti%C4%87_2020_(cropped).jpg
116980	116980.webp	Gennaro Gattuso	Рыбакова Елена	CC BY-SA 3.0	https://commons.wikimedia.org/wiki/File:Gennaro_Gattuso_2008.jpg
119562	119562.webp	Sergio Agüero	Кирилл Венедиктов	CC BY-SA 3.0	https://commons.wikimedia.org/wiki/File:Ag%C3%BCero_in_2018.jpg
124086	124086.webp	Wesley Sneijder	Nuță Lucian	CC BY-SA 2.0	https://commons.wikimedia.org/wiki/File:Wesley_Sneijder_at_Sports_Festival_2025.jpg
126503	126503.webp	Filippo Inzaghi	Delfort	CC BY-SA 3.0	https://commons.wikimedia.org/wiki/File:Filippo_Inzaghi_2011.jpg
127452	127452.webp	Dani Carvajal	Rolandhino1	CC BY-SA 4.0	https://commons.wikimedia.org/wiki/File:UEFA_EURO_qualifiers_Sweden_vs_Spain_20191015_Dani_Carvajal_10_(cropped).jpg
128725	128725.webp	Hidetoshi Nakata	norio nakayama	CC BY-SA 2.0	https://commons.wikimedia.org/wiki/File:Hidetoshi_Nakata_in_Okinawa_(cropped).jpg
128829	128829.webp	Michael Owen	David Seow	CC BY-SA 4.0	https://commons.wikimedia.org/wiki/File:Michael_Owen.jpg
128840	128840.webp	Toby Alderweireld	Steffen Prößdorf	CC BY-SA 4.0	https://commons.wikimedia.org/wiki/File:2020-03-10_Fu%C3%9Fball%2C_M%C3%A4nner%2C_UEFA_Champions_League_Achtelfinale%2C_RB_Leipzig_-_Tottenham_Hotspur_1DX_3693_by_Stepro.jpg
128912	128912.webp	Daley Blind	Станислав Ведмидь	CC BY-SA 3.0	https://commons.wikimedia.org/wiki/File:Zarya-MU_(6)_%E2%80%94_%D0%BA%D0%BE%D0%BF%D0%B8%D1%8F.jpg
129027	129027.webp	Paul Pogba	Gabriel Hutchinson	CC BY-SA 4.0	https://commons.wikimedia.org/wiki/File:Paul_Pogba_at_the_2025_Cannes_Film_Festival_02.jpg
129700	129700.webp	Mario Balotelli	Kamran Hussain	CC BY-SA 2.0	https://commons.wikimedia.org/wiki/File:Mario_Balotelli_(15440231808)_(cropped)_(cropped).jpg
131120	131120.webp	Anna Kournikova	Senior Airman Felicia Juenke	Public domain	https://commons.wikimedia.org/wiki/File:Anna_Kournikova-Bagram_Airfield_2009.jpg
131234	131234.webp	Toni Kroos	https://www.youtube.com/@realmadrid	CC BY 3.0	https://commons.wikimedia.org/wiki/File:Toni_Kroos_Real_Madrid_2021.jpg
131237	131237.webp	Carl Lewis	Manfred Werner - Tsui	CC BY-SA 3.0	https://commons.wikimedia.org/wiki/File:Save_The_World_Awards_2009_show06_-_Carl_Lewis.jpg
131261	131261.webp	Oliver Kahn	Steffen Prößdorf	CC BY-SA 4.0	https://commons.wikimedia.org/wiki/File:2022-07-30_Fu%C3%9Fball%2C_M%C3%A4nner%2C_DFL-Supercup%2C_RB_Leipzig_-_FC_Bayern_M%C3%BCnchen_1DX_3179_by_Stepro.jpg
131374	131374.webp	Alexander Alekhine	Alexandre_Alekhine_01.jpg: George Grantham Bain Collection (Library of Congress) derivative work: J…	Public domain	https://commons.wikimedia.org/wiki/File:Alexandre_Alekhine_Color.jpg
131674	131674.webp	Anatoly Karpov	Veni Markovski | Вени Марковски	CC BY-SA 4.0	https://commons.wikimedia.org/wiki/File:Anatoly_Karpov_2017_april.jpg
132147	132147.webp	Sania Mirza	Andrew Campbell	CC BY 2.0	https://commons.wikimedia.org/wiki/File:Sania_Mirza_(19247067445).jpg
132738	132738.webp	Alberto Contador	bert de boer	CC BY 2.0	https://commons.wikimedia.org/wiki/File:2015_Tour_de_France_team_presentation%2C_Alberto_Contador_(cropped).jpg
133318	133318.webp	Marat Safin	Tennis-8.com	CC BY-SA 2.0	https://commons.wikimedia.org/wiki/File:Marat_Safin%2C_2006.jpg
133556	133556.webp	Ashley Cole	Stanislav Vedmid	CC BY-SA 3.0	https://commons.wikimedia.org/wiki/File:ACole.JPG
133903	133903.webp	Virgil van Dijk	Ailura	CC BY-SA 3.0 at	https://commons.wikimedia.org/wiki/File:20160604_AUT_NED_8876_(cropped).jpg
134183	134183.webp	Magic Johnson	Daniel Benavides from Austin, TX	CC BY 2.0	https://commons.wikimedia.org/wiki/File:Magic_Johnson_at_SXSW_2022_(51958828669)_(cropped).jpg
134720	134720.webp	Martina Hingis	si.robi	CC BY-SA 2.0	https://commons.wikimedia.org/wiki/File:Hingis_RG16_(10)_(27331857371).jpg
134976	134976.webp	Lukas Podolski	Jacek Stanislawek	CC BY-SA 4.0	https://commons.wikimedia.org/wiki/File:Lukas_Podolski_2023_(cropped).jpg
136986	136986.webp	Mauro Icardi	Telefe	CC BY 3.0	https://commons.wikimedia.org/wiki/File:Mauro_Icardi_en_2025.jpg
138075	138075.webp	Alexandre Pato	@cfcunofficial (Chelsea Debs) London	CC BY-SA 2.0	https://commons.wikimedia.org/wiki/File:Alexandre_Pato.jpg
138172	138172.webp	Radamel Falcao	Gilzetbase	CC BY-SA 4.0	https://commons.wikimedia.org/wiki/File:Radamel_Falcao_Garc%C3%ADa_(cropped).jpg
138745	138745.webp	Valtteri Bottas	Yu Chu Chin	CC BY-SA 4.0	https://commons.wikimedia.org/wiki/File:Valtteri_Bottas_at_the_2026_Adelaide_Motorsport_Festival_(028A7556).jpg
142794	142794.webp	Neymar	Bryan Berlin	CC BY-SA 4.0	https://commons.wikimedia.org/wiki/File:Neymar_Junior_Brazil_V_Morocco_13_June_2026-40.jpg
144048	144048.webp	Rafa Benítez	Дмитрий Журавель	CC BY-SA 3.0	https://commons.wikimedia.org/wiki/File:Shahter-Reak_M_2015_(2).jpg
147589	147589.webp	Kolo Touré	Ailura	CC BY-SA 3.0 at	https://commons.wikimedia.org/wiki/File:Kolo_Toure_8932.JPG
150268	150268.webp	David de Gea	Кирилл Венедиктов	CC BY-SA 3.0	https://commons.wikimedia.org/wiki/File:David_de_Gea_2017.jpg
151025	151025.webp	Jakub Błaszczykowski	Kancelaria Premiera from Poland	Public domain	https://commons.wikimedia.org/wiki/File:Jakub_B%C5%82aszczykowski_2019.jpg
151034	151034.webp	Kevin-Prince Boateng	luca. Original uploader was Byse91 at it.wikipedia	Public domain	https://commons.wikimedia.org/wiki/File:Prince_Boateng.jpg
151260	151260.webp	Jérôme Boateng	Martin Kraft	CC BY-SA 3.0	https://commons.wikimedia.org/wiki/File:MJK30405_J%C3%A9r%C3%B4me_Boateng_(Berlinale_2017).jpg
151269	151269.webp	Robert Lewandowski	Светлана Бекетова	CC BY-SA 3.0	https://commons.wikimedia.org/wiki/File:Robert_Lewandowski_2018%2C_JAP-POL_(cropped).jpg
151284	151284.webp	Johnny Weissmuller	MGM studio	Public domain	https://commons.wikimedia.org/wiki/File:Johny_Weissmuller-publicity.JPG
151754	151754.webp	Anne, Princess Royal	UK Home Office	CC BY 4.0	https://commons.wikimedia.org/wiki/File:Anne%2C_Princess_Royal_in_2025_(cropped).jpg
151773	151773.webp	Constantine II of Greece	Prolineserver (talk)	CC BY-SA 3.0	https://commons.wikimedia.org/wiki/File:Constantine_II_of_Greece_(cropped).jpg
151838	151838.webp	Axel Witsel	Bryan Berlin	CC BY-SA 4.0	https://commons.wikimedia.org/wiki/File:Axel_Witsel_USMNT_v_Belgium_Mar_28_2026-34_(cropped).jpg
151853	151853.webp	Mark van Bommel	Original: TBWABusted Derivative work: Kochel86	CC BY 2.0	https://commons.wikimedia.org/wiki/File:2010_Mark_van_Bommel.jpg_(cropped).jpg
152107	152107.webp	Jupp Heynckes	Александр Осипов	CC BY-SA 3.0	https://commons.wikimedia.org/wiki/File:Jupp_Heynckes_(cropped).jpg
152377	152377.webp	Marco Reus	Sandro Halank, Wikimedia Commons	CC BY-SA 4.0	https://commons.wikimedia.org/wiki/File:2023-08-12_TSV_Schott_Mainz_gegen_Borussia_Dortmund_(DFB-Pokal_2023-24)_by_Sandro_Halank%E2%80%93126.jpg
152832	152832.webp	Kevin Keegan	Unknown authorUnknown author	Public domain	https://commons.wikimedia.org/wiki/File:Kevin_keegan_panini_card_(cropped).jpg
152871	152871.webp	Karl-Heinz Rummenigge	Michael Lucan	CC BY-SA 3.0 de	https://commons.wikimedia.org/wiki/File:2015-02-06_Rummenigge_0400.JPG
152897	152897.webp	Benedikt Höwedes	Анна Нэсси	CC BY-SA 3.0	https://commons.wikimedia.org/wiki/File:Benedikt_H%C3%B6wedes_2018.jpg
153167	153167.webp	Valdas Adamkus	Blowwhite	CC0	https://commons.wikimedia.org/wiki/File:Valdas_Adamkus_portretas.jpg
153786	153786.webp	Edin Džeko	Ailura	CC BY-SA 3.0 at	https://commons.wikimedia.org/wiki/File:20150331_2026_AUT_BIH_2177_Edin_D%C5%BEeko_(cropped).jpg
154708	154708.webp	Shinji Kagawa	Кагава Синдзи	CC BY-SA 3.0	https://commons.wikimedia.org/wiki/File:Shinji_Kagawa_2018_(cropped).jpg
155164	155164.webp	Imran Khan	Imran Khan	CC BY 3.0	https://commons.wikimedia.org/wiki/File:Prime_Minister_Imran_Khan_Adresses_the_Forum_01.jpg
159045	159045.webp	Andreas Brehme	Dappes at German Wikipedia (Original text: Ingo Stöldt)	CC BY-SA 3.0	https://commons.wikimedia.org/wiki/File:Andreas_Brehme.jpg
159347	159347.webp	Steve McQueen	Adam Jones from Kelowna, BC, Canada, freigestellt von Birkho und farblich aufgehellt	CC BY-SA 2.0	https://commons.wikimedia.org/wiki/File:Fassadenbild_mit_Steve-McQueen-Motiv_in_Krakau_(Ausschnitt).png
160206	160206.webp	Hernán Crespo	Omgosh30	CC0	https://commons.wikimedia.org/wiki/File:Hern%C3%A1n_Crespo.png
160359	160359.webp	Robert Kubica	bonebeast	CC BY 2.0	https://commons.wikimedia.org/wiki/File:Robert_Kubica_at_Monza_2023.jpg
160472	160472.webp	Marc-André ter Stegen	Government of Catalonia	CC0	https://commons.wikimedia.org/wiki/File:Marc-Andre_Ter_Stegen_ACCI_FCBARCELONA_Turisme_Catalunya_gira_pretemporada_CATPRESS.jpg
160702	160702.webp	José Raúl Capablanca	AnonymousUnknown author (Keystone-France)	Public domain	https://commons.wikimedia.org/wiki/File:Jos%C3%A9_Ra%C3%BAl_Capablanca_1931.jpg
161054	161054.webp	Ivan Perišić	Bryan Berlin	CC BY-SA 4.0	https://commons.wikimedia.org/wiki/File:Ivan_Perisic_Croatia_v_Portugal_2_July_2026-033.jpg
161069	161069.webp	David Silva	Кирилл Венедиктов	CC BY-SA 3.0	https://commons.wikimedia.org/wiki/File:David_Silva_2017.jpg
161089	161089.webp	İlkay Gündoğan	Granada	CC BY-SA 4.0	https://commons.wikimedia.org/wiki/File:20180602_FIFA_Friendly_Match_Austria_vs._Germany_%C4%B0lkay_G%C3%BCndo%C4%9Fan_850_0728.jpg
161092	161092.webp	Vladimir Kramnik	Vladimir Barskij	CC BY-SA 3.0	https://commons.wikimedia.org/wiki/File:Vladimir_Kramnik_2%2C_Candidates_Tournament_2018.jpg
161571	161571.webp	Javier Mascherano	Bryan Berlin	CC BY-SA 4.0	https://commons.wikimedia.org/wiki/File:Javier_Mascherano_NE_Revolution_Inter_Miami_7.9.25-040_(cropped).jpg
162043	162043.webp	Eusébio	Panini	Public domain	https://commons.wikimedia.org/wiki/File:Eusebio_en_1973.jpg
163564	163564.webp	Nemanja Vidić	Austin Osuide	CC BY 2.0	https://commons.wikimedia.org/wiki/File:Nemanja_Vidi%C4%87.jpg
163666	163666.webp	Pepe Reina	Кирилл Венедиктов	CC BY-SA 3.0	https://commons.wikimedia.org/wiki/File:Pepe_Reina_2017.jpg
163974	163974.webp	Rafael van der Vaart	Kathi Rudminat (flickr: kaddyyy)	CC BY 2.0	https://commons.wikimedia.org/wiki/File:Rafael_van_der_Vaart_2013_(1).jpg
164038	164038.webp	Pep Guardiola	Steffen Prößdorf	CC BY-SA 4.0	https://commons.wikimedia.org/wiki/File:Josep_Guardiola_2023-10-04_Fu%C3%9Fball%2C_M%C3%A4nner%2C_UEFA_Champions_League%2C_RB_Leipzig_-_Manchester_City_FC_1DX_2797_(cropped).jpg
164521	164521.webp	George Best	Hans Peters for Anefo	CC0	https://commons.wikimedia.org/wiki/File:George_Best_(1976).jpg
164546	164546.webp	Alfredo Di Stéfano	Unknown authorUnknown author	Public domain	https://commons.wikimedia.org/wiki/File:Di_stefano_argentina_(cropped).jpg
164676	164676.webp	Makoto Hasebe	Sven Mandel	CC BY-SA 4.0	https://commons.wikimedia.org/wiki/File:2022128173751_2022-05-08_Fussball_Eintracht_Frankfurt_vs_Borussia_M%C3%B6nchengladbach_-_Sven_-_1D_X_MK_II_-_0713_-_AK8I7448_(Makoto_Hasebe_cropped).jpg
165014	165014.webp	Ibrahim Afellay	Jimmy Baikovicius	CC BY-SA 2.0	https://commons.wikimedia.org/wiki/File:Ibrahim_Afellay_Oranje_(cropped).jpg
165125	165125.webp	Javier Hernández	Bryan Berlin	CC BY-SA 4.0	https://commons.wikimedia.org/wiki/File:Javier_Hern%C3%A1ndez_Paley_Center_Fox_Sports_Soccer-12.jpg
165772	165772.webp	Harry Maguire	UK Prime Minister	CC BY 2.0	https://commons.wikimedia.org/wiki/File:Harry_Maguire_2023_(cropped).jpg
166317	166317.webp	Paulo Dybala	Olga Shcherbytska	CC BY-SA 4.0	https://commons.wikimedia.org/wiki/File:%D0%9C%D0%B0%D1%82%D1%87_%C2%AB%D0%94%D0%B8%D0%BD%D0%B0%D0%BC%D0%BE%C2%BB_-_%C2%AB%D0%AE%D0%B2%D0%B5%D0%BD%D1%82%D1%83%D1%81%C2%BB_0-2._20_%D0%BE%D0%BA%D1%82%D1%8F%D0%B1%D1%80%D1%8F_2020_%D0%B3%D0%BE%D0%B4%D0%B0_%E2%80%94_1153905_(cropped).jpg
166663	166663.webp	Bonar Law	Bain News Service	Public domain	https://commons.wikimedia.org/wiki/File:A._Bonar_Law_LCCN2014715818_(cropped).jpg
166984	166984.webp	Mikel John Obi	Кирилл Венедиктов	CC BY-SA 3.0	https://commons.wikimedia.org/wiki/File:John_Obi_Mikel_2018.jpg
167240	167240.webp	Nicklas Bendtner	Кирилл Венедиктов	CC BY-SA 3.0	https://commons.wikimedia.org/wiki/File:Nicklas_Bendtner_2017.jpg
167281	167281.webp	Antonio Di Natale	Roberto Vicario	CC BY-SA 3.0	https://commons.wikimedia.org/wiki/File:Antonio_di_natale.JPG
167790	167790.webp	Edinson Cavani	soccerdigital	Public domain	https://commons.wikimedia.org/wiki/File:PALMEIRAS_X_BOCA_JUNIORS_-_COPA_LIBERTADORES_2023_-_53286889335_(cropped_2).jpg
167828	167828.webp	Lev Yashin	Unknown authorUnknown author	Public domain	https://commons.wikimedia.org/wiki/File:Lev_Yashin_1966.jpg
168029	168029.webp	Roman Pavlyuchenko	Дмитрий Голубович	CC BY-SA 3.0	https://commons.wikimedia.org/wiki/File:Roman_Pavlyuchenko_2017.jpg
168497	168497.webp	Daniele De Rossi	Biser Todorov (original picture), Mess (derivative work)	CC BY 3.0	https://commons.wikimedia.org/wiki/File:Daniele_De_Rossi_BGR-ITA_2012.jpg
168740	168740.webp	Juan Mata Pata	Станислав Ведмидь	CC BY-SA 3.0	https://commons.wikimedia.org/wiki/File:Zarya-MU_(10).jpg
169098	169098.webp	Frank Rijkaard	Marcel Antonisse / Anefo	CC0	https://commons.wikimedia.org/wiki/File:Ajax_selectie_seizoen_1981_1982_nr._140a_E._Ophof_speler%2C_nr._15a_F._Rijka%2C_Bestanddeelnr_253-8568.jpg
169452	169452.webp	Shaquille O'Neal	MarkScottAustinTX	CC BY-SA 2.0	https://commons.wikimedia.org/wiki/File:Shaquille_O'Neal_October_2017_(cropped).jpg
169814	169814.webp	Valentino Rossi	RaúlBlancoRueda	CC BY-SA 4.0	https://commons.wikimedia.org/wiki/File:Valentino_Rossi_2017.jpg
169846	169846.webp	Rubens Barrichello	Bahia Notícias from Salvador, Brasil	CC BY 2.0	https://commons.wikimedia.org/wiki/File:Stock_Car_2013_Etapa_Bahia_Fotos_Max_Ag_Haack_Bahia_Noticias_(7)_(8756442927)_(cropped).jpg
169963	169963.webp	Jason Statham	MTV International	CC BY 3.0	https://commons.wikimedia.org/wiki/File:Jason_Statham_2018.jpg
170235	170235.webp	Dimitar Berbatov	Biso	CC BY-SA 3.0	https://commons.wikimedia.org/wiki/File:Mitko_Berbatov.jpg
170328	170328.webp	Eric Cantona	Georges Biard	CC BY-SA 3.0	https://commons.wikimedia.org/wiki/File:Eric_Cantona_Cannes_2009.jpg
170376	170376.webp	Gabriel Batistuta	unknown author	Public domain	https://commons.wikimedia.org/wiki/File:Gabriel_batistuta.jpg
171295	171295.webp	Pavel Nedvěd	Pavel Lebeda	CC BY-SA 2.0	https://commons.wikimedia.org/wiki/File:Pavel_Nedv%C4%9Bd.jpg
171312	171312.webp	Mario Andretti	United Autosports	CC BY-SA 2.0	https://commons.wikimedia.org/wiki/File:Mario_Andretti_Goodwood_Festival_of_Speed_2021_(cropped).jpg
171346	171346.webp	Nelson Piquet	Agência Brasília	CC BY 2.0	https://commons.wikimedia.org/wiki/File:Cerimonia_de_entrega_da_medalha_Bras%C3%ADlia_60_anos_-_16.jpg
171583	171583.webp	Bobby Charlton	Panini	Public domain	https://commons.wikimedia.org/wiki/File:Bobby_Charlton_en_1966_160.jpg
172211	172211.webp	Jamie Carragher	Ludovic Péron	CC BY-SA 3.0	https://commons.wikimedia.org/wiki/File:Football_against_poverty_2014_-_Jamie_Carragher_(cropped).jpg
172720	172720.webp	Daniel Alves	Palácio do Planalto from Brasilia, Brasil	CC BY 2.0	https://commons.wikimedia.org/wiki/File:07_07_2019_Final_da_Copa_Am%C3%A9rica_2019_(48226649586)_(cropped).jpg
172798	172798.webp	Veselin Topalov	Stefan64	CC BY-SA 3.0	https://commons.wikimedia.org/wiki/File:VeselinTopalov12a.jpg
172832	172832.webp	David Coulthard	Yu Chu Chin	CC BY-SA 4.0	https://commons.wikimedia.org/wiki/File:David_Coulthard_at_the_2025_Adelaide_Grand_Final_Parade_-_12.jpg
172842	172842.webp	Mika Häkkinen	Sven Mandel	CC BY-SA 4.0	https://commons.wikimedia.org/wiki/File:Mika_H%C3%A4kkinen_Champions_for_Charity_2016-07-27.jpg
172843	172843.webp	Jacques Villeneuve	Rhonda Liberman	CC BY 2.0	https://commons.wikimedia.org/wiki/File:Jacques_Villeneuve_August_2011.jpg
173139	173139.webp	George Weah	File:George Weah in 2019 (cropped).jpg: U.S. Embassy in Monrovia, Liberia derivative work: Boros.i	Public domain	https://commons.wikimedia.org/wiki/File:George_Weah_in_2019_(cropped)_mod-2.jpg
173360	173360.webp	Giovanni van Bronckhorst	Beşiktaş JK	CC BY 2.0	https://commons.wikimedia.org/wiki/File:Giovanni_van_Brocnkhorst_20240803.jpg
173633	173633.webp	Monica Seles	Kingkongphoto & www.celebrity-photos.com from Laurel Maryland, USA	CC BY-SA 2.0	https://commons.wikimedia.org/wiki/File:Monica_Seles_1999.jpg
173714	173714.webp	Max Euwe	Hans van Dijk for Anefo	CC0	https://commons.wikimedia.org/wiki/File:Max_Euwe_(1979).jpg
173972	173972.webp	Ruud Gullit	Barcex	CC BY-SA 4.0	https://commons.wikimedia.org/wiki/File:25th_Laureus_World_Sports_Awards_-_Ruud_Gullit_-_240422_131911_(cropped).jpg
174486	174486.webp	Antonio Valencia	Julia Novikova for Soccer.ru	CC BY-SA 1.0	https://commons.wikimedia.org/wiki/File:Antonio_Valencia_cropped.jpg
174614	174614.webp	Carlo Ancelotti	Bryan Berlin	CC BY-SA 4.0	https://commons.wikimedia.org/wiki/File:Carlo_Ancelotti_Brazil_V_Morocco_13_June_2026-47.jpg
175296	175296.webp	Raul Meireles	БОГДАН ЗАЯЦ	CC BY-SA 3.0	https://commons.wikimedia.org/wiki/File:Shaktar_-_Fenerbah%C3%A7e_05_August_2015_CL_Q3_5.jpg
177310	177310.webp	Boris Spassky	Rob Bogaerts for Anefo	CC0	https://commons.wikimedia.org/wiki/File:Dhr._Boris_Spassky%2C_Bestanddeelnr_932-7320.jpg
178628	178628.webp	Paolo Rossi	The original uploader was Snake90 at Italian Wikipedia.	Public domain	https://commons.wikimedia.org/wiki/File:Paolo_Rossi_Vicenza_(cropped).jpg
178649	178649.webp	Romário	Agência Senado from Brasilia, Brazil	CC BY 2.0	https://commons.wikimedia.org/wiki/File:Senadores_da_57%C2%AA_Legislatura_(52689451805).jpg
178683	178683.webp	Cafu	Lula Oficial	CC BY-SA 4.0	https://commons.wikimedia.org/wiki/File:Cafu_-_26.02.2026_-_Cerim%C3%B4nia_de_apresenta%C3%A7%C3%A3o_das_ta%C3%A7as_da_Copa_do_Mundo_de_2026.jpg
178865	178865.webp	Mikhail Botvinnik	Harry Pot for Anefo ]]	CC BY-SA 3.0 nl	https://commons.wikimedia.org/wiki/File:Mikhail_Botvinnik_1962.jpg
179051	179051.webp	Kareem Abdul-Jabbar	Yahoo from Sunnyvale, California, USA	CC BY 2.0	https://commons.wikimedia.org/wiki/File:Kareem_Abdul-Jabbar_May_2014.jpg
179172	179172.webp	Bojan Krkić	Jordan Beard	CC BY-SA 4.0	https://commons.wikimedia.org/wiki/File:Photo_of_Bojan_Krkic.jpg
179773	179773.webp	Pedro	Clément Bucco-Lechat	CC BY-SA 3.0	https://commons.wikimedia.org/wiki/File:Bar%C3%A7a_-_Napoli_-_20140806_-_Pedro_Rodriguez_(cropped).jpg
179908	179908.webp	Ahmad ibn Billah	République Algérienne	Public domain	https://commons.wikimedia.org/wiki/File:Pr%C3%A9sident_Ahmed_Ben_Bella.jpg
179995	179995.webp	Claudio Marchisio	Original: Vyacheslav Yevdokimov / Derivative work: Danyele	CC BY-SA 3.0	https://commons.wikimedia.org/wiki/File:Claudio_Marchisio%2C_2019_(cropped).jpg
180326	180326.webp	Lilian Thuram	English : This photo has been taken by Matthieu Riegler (User:Kyro) and released under the licenses…	CC BY 3.0	https://commons.wikimedia.org/wiki/File:Lilian_Thuram_-_F%C3%A9vrier_2013.jpg
180446	180446.webp	Li Na	Tourism Victoria from Australia	CC BY 2.0	https://commons.wikimedia.org/wiki/File:Li_Na_(China)_(24364518991).jpg
180553	180553.webp	Alexis Sánchez	joshjdss	CC BY 2.0	https://commons.wikimedia.org/wiki/File:Alexis_Sanchez_Arsenal_Vs_Burnley_(24736448805)_(cropped)_(cropped).jpg
180636	180636.webp	Tigran Petrosian	Harry Pot for Anefo ), 1945-1989 - negatiefstroken zwart/wit, nummer toegang 2.24.01.05, bestanddee…	CC0	https://commons.wikimedia.org/wiki/File:Anefo_910-9356_Hoogovenschaaktoernooi.jpg
180642	180642.webp	Garrincha	El Gráfico, n° 2233	Public domain	https://commons.wikimedia.org/wiki/File:Manoel_Francisco_dos_Santos-Garrincha.jpg
180649	180649.webp	Mario Kempes	Bryan Berlin	CC BY-SA 4.0	https://commons.wikimedia.org/wiki/File:Mario_Kempes_Argentina_v_Spain_19_July_2026-036_(cropped).jpg
180661	180661.webp	Dino Zoff	Original: Unknown authorUnknown author / Derivative work: Heiko Gerber	Public domain	https://commons.wikimedia.org/wiki/File:Dino_Zoff_-_1972_-_Juventus_FC_(cropped).jpg
180748	180748.webp	Mark Spitz	Doha Stadium Plus Qatar Photograph: Vinod Divakaran (www.dohastadiumplusqatar.com)	CC BY 2.0	https://commons.wikimedia.org/wiki/File:Mark_Spitz.jpg
180872	180872.webp	Amélie Mauresmo	Carine06	CC BY-SA 2.0	https://commons.wikimedia.org/wiki/File:Amelie_Mauresmo_at_the_Aegon_Championships_2014.jpg
181282	181282.webp	Enzo Ferrari	User	CC BY-SA 4.0	https://commons.wikimedia.org/wiki/File:Enzo-Ferrari.jpg
181921	181921.webp	Branislav Ivanović	Вячеслав Евдокимов	CC BY-SA 3.0	https://commons.wikimedia.org/wiki/File:Branislav_Ivanovi%C4%87_2020.jpg
182063	182063.webp	Nicolás Otamendi	Bryan Berlin	CC BY-SA 4.0	https://commons.wikimedia.org/wiki/File:Nicolas_Otamendi_Argentina_v_Egypt_7_July_2026-030.jpg
182130	182130.webp	Morihei Ueshiba	Unknown photographer	Public domain	https://commons.wikimedia.org/wiki/File:Morihei_Ueshiba_1939.jpg
182314	182314.webp	Peter Schmeichel	Carlsberg	CC BY 3.0	https://commons.wikimedia.org/wiki/File:Peter_Schmeichel_2012-01-25_001.jpg
182451	182451.webp	Alberto Gilardino	Christophe95	CC BY-SA 3.0	https://commons.wikimedia.org/wiki/File:Alberto_Gilardino.jpg
182455	182455.webp	Wilt Chamberlain	Wilt_Chamberlain2.jpg: Fred Palumbo, World Telegram staff photographer derivative work: JoeJohnson2…	Public domain	https://commons.wikimedia.org/wiki/File:Wilt_Chamberlain3.jpg
182459	182459.webp	Júlio César	Майоров Владимир	CC BY-SA 3.0	https://commons.wikimedia.org/wiki/File:J%C3%BAlio_C%C3%A9sar_FC_Internazionale.jpg
183250	183250.webp	Judit Polgár	This photo was taken by Przemysław Jahr Autorem zdjęcia jest Przemysław Jahr Wykorzystując zdjęcie…	CC BY-SA 3.0	https://commons.wikimedia.org/wiki/File:Judit_Polg%C3%A1r_2013.jpg
183967	183967.webp	David Trezeguet	Save the Dream from Doha, Qatar	CC BY 2.0	https://commons.wikimedia.org/wiki/File:David_Trezeguet_became_Save_the_Dream_Ambassador%2C_2017_(cropped).jpg
184177	184177.webp	Thomas Vermaelen	Кирилл Венедиктов	CC BY-SA 3.0	https://commons.wikimedia.org/wiki/File:Thomas_Vermaelen_2018.jpg
184269	184269.webp	Darijo Srna	Ольга Щербицька	CC BY-SA 4.0	https://commons.wikimedia.org/wiki/File:%D0%94%D0%B0%D1%80%D1%96%D0%B9%D0%BE_%D0%A1%D1%80%D0%BD%D0%B0._27_%D0%B6%D0%BE%D0%B2%D1%82%D0%BD%D1%8F_2024_%E2%80%94_id1568632_(cropped).jpg
184277	184277.webp	Yaya Touré	Puma	CC BY 3.0	https://commons.wikimedia.org/wiki/File:Yaya_Tour%C3%A9_(cropped).jpg
184556	184556.webp	Sergei Bubka	Sportsforpeace; cropped by Blackcat	CC BY 3.0	https://commons.wikimedia.org/wiki/File:Sergej_Bubka_2009.jpg
184586	184586.webp	Gareth Bale	حسین ظهروند	CC BY 4.0	https://commons.wikimedia.org/wiki/File:2022_FIFA_World_Cup_United_States_1%E2%80%931_Wales_-_(32)_(cropped).jpg
184612	184612.webp	Robbie Keane	Michael Kranewitter	CC BY-SA 3.0 at	https://commons.wikimedia.org/wiki/File:2013_Robbie_Keane_(cropped).jpg
185081	185081.webp	Marco Materazzi	Анна Нэсси	CC BY-SA 3.0	https://commons.wikimedia.org/wiki/File:Marco_Materazzi_2020.jpg
185093	185093.webp	Jesús Navas	Дмитрий Садовников	CC BY-SA 3.0	https://commons.wikimedia.org/wiki/File:Jes%C3%BAs_Navas.jpg
185225	185225.webp	Santi Cazorla	Ronnie Macdonald	CC BY 2.0	https://commons.wikimedia.org/wiki/File:Santi_Cazorla%2C_2012-08-18.jpg
185389	185389.webp	Dennis Bergkamp	Kieran Clarke	CC BY 2.0	https://commons.wikimedia.org/wiki/File:Dennis_Bergkamp_2014_(cropped).jpg
185572	185572.webp	Mikel Arteta	Prime Video AU & NZ	CC BY 3.0	https://commons.wikimedia.org/wiki/File:Mikel_Arteta_2021_(cropped).png
186330	186330.webp	Rafael Márquez El piojo	Presidencia de la República Mexicana	CC BY 2.0	https://commons.wikimedia.org/wiki/File:Rafael_M%C3%A1rquez_2014.jpg
186691	186691.webp	Oleh Blokhin	Илья Хохлов	CC BY-SA 3.0	https://commons.wikimedia.org/wiki/File:Oleg_Blokhin2013.jpg
187125	187125.webp	Hristo Stoichkov	Biser Todorov	CC BY-SA 4.0	https://commons.wikimedia.org/wiki/File:Stoichkov_in_2016.jpg
187159	187159.webp	Jordi Alba	Кирилл Венедиктов	CC BY-SA 3.0	https://commons.wikimedia.org/wiki/File:Russia-Spain_2017_(11).jpg
187171	187171.webp	Mario Mandžukić	Антон Зайцев	CC BY-SA 3.0	https://commons.wikimedia.org/wiki/File:Mario_Mand%C5%BEuki%C4%87_in_2018.jpg
187184	187184.webp	Joe Hart	Голубович Дмитрий	CC BY-SA 3.0	https://commons.wikimedia.org/wiki/File:Joe_Hart_69775.jpg
187198	187198.webp	Kenny Dalglish	Saw from Singapore	CC BY-SA 2.0	https://commons.wikimedia.org/wiki/File:Kenny_Dalglish_2009_Singapore.jpg
187891	187891.webp	Fernando Llorente	Original: Tatono / Derivative work: Danyele	Public domain	https://commons.wikimedia.org/wiki/File:Fernando_Llorente_contra_el_H%C3%A9rcules_en_el_estadio_Jos%C3%A9_Rico_P%C3%A9rez_(american_shot).jpg
187989	187989.webp	Leighton Baines	Александр Осипов	CC BY-SA 3.0	https://commons.wikimedia.org/wiki/File:Baines_Leighton_126176_(cropped).jpg
188241	188241.webp	Ricardo Quaresma	Кирилл Венедиктов	CC BY-SA 3.0	https://commons.wikimedia.org/wiki/File:Ricardo_Quaresma_2017.jpg
188457	188457.webp	Danny Welbeck	Кирилл Венедиктов	CC BY-SA 3.0	https://commons.wikimedia.org/wiki/File:Danny_Welbeck_2018-06-13_1.jpg
188502	188502.webp	Sebastian Coe	Lord_Coe_-_World_Economic_Forum_Annual_Meeting_2012.jpg: World Economic Forum derivative work: Conn…	CC BY-SA 2.0	https://commons.wikimedia.org/wiki/File:Lord_Coe_-_World_Economic_Forum_Annual_Meeting_2012_cropped.jpg
188632	188632.webp	Roy Keane	Irish Defence Forces from Ireland	CC BY 2.0	https://commons.wikimedia.org/wiki/File:Roy_keane_2014.jpg
188720	188720.webp	Michael Laudrup	Alexe Politov	CC BY 3.0	https://commons.wikimedia.org/wiki/File:Michael-Laudrup-Nov2008_(cropped).jpg
188997	188997.webp	Wojciech Szczęsny	La Gazzetta dello Sport	CC BY 3.0	https://commons.wikimedia.org/wiki/File:Wojciech_Szcz%C4%99sny.png
189217	189217.webp	Davor Šuker	Ludovic Péron	CC BY-SA 3.0	https://commons.wikimedia.org/wiki/File:Football_against_poverty_2014_-_Davor_%C5%A0uker_(cropped).jpg
189408	189408.webp	Ole Einar Bjørndalen	Vow, edited by me Okino	CC BY-SA 3.0	https://commons.wikimedia.org/wiki/File:Bjoerndalen_cutout.JPG
189587	189587.webp	Bobby Robson	rockface from Ireland	CC BY-SA 2.0	https://commons.wikimedia.org/wiki/File:Bobby_Robson_Cropped.jpg
189892	189892.webp	Gheorghe Hagi	Partidul Social Democrat from Romania	CC BY 2.0	https://commons.wikimedia.org/wiki/File:Lansarea_candidaturii_Gabrielei_Szabo_pentru_Camera_Deputatilor%2C_Voluntari_-_04.05_(48)_(14270956179)_(cropped).jpg
189984	189984.webp	Franco Baresi	Unknown authorUnknown author	Public domain	https://commons.wikimedia.org/wiki/File:Franco_baresi_panini_card_1979.jpg
190152	190152.webp	Larry Bird	Kurt Shimala	CC BY-SA 2.0	https://commons.wikimedia.org/wiki/File:Larrybird.jpg
190495	190495.webp	Henry Way Kendall	Tom Frost	CC BY-SA 3.0	https://commons.wikimedia.org/wiki/File:Henry_Kendall_by_Tom_Frost_crop.jpg
190782	190782.webp	Ronnie O'Sullivan	Stephen_Maguire,_Ronnie_O’Sullivan,_and_Michaela_Tabb_at_German_Masters_Snooker_Final_(DerHexer)_20…	CC BY-SA 4.0	https://commons.wikimedia.org/wiki/File:Stephen_Maguire%2C_Ronnie_O%E2%80%99Sullivan%2C_and_Michaela_Tabb_at_German_Masters_Snooker_Final_(DerHexer)_2012-02-05_05_cropped.jpg
190929	190929.webp	Maxi Rodriguez	Ludovic Péron	CC BY-SA 3.0	https://commons.wikimedia.org/wiki/File:Suisse_vs_Argentine_-_Maximiliano_Rodriguez_(cropped2).jpg
191136	191136.webp	James Milner	Steffen Prößdorf	CC BY-SA 4.0	https://commons.wikimedia.org/wiki/File:James_Milner_2022-07-21_Fu%C3%9Fball%2C_M%C3%A4nner%2CFreundschaftsspiel%2C_RB_Leipzig_-_FC_Liverpool_1DX_2223_by_Stepro_(cropped).jpg
191138	191138.webp	Shunsuke Nakamura	Neier	CC BY-SA 3.0	https://commons.wikimedia.org/wiki/File:Shunsuke2_20080622_(cropped).png
191139	191139.webp	Fabien Barthez	Unknown authorUnknown author	CC BY-SA 3.0	https://commons.wikimedia.org/wiki/File:Fabien_Barthez_at_OM.jpg
191634	191634.webp	Luiz Felipe Scolari	Danilo Borges	CC BY 3.0	https://commons.wikimedia.org/wiki/File:Felip%C3%A3o_cropped.jpg
191885	191885.webp	Thiago Motta	Pietro Luca Cassarino	CC BY-SA 4.0	https://commons.wikimedia.org/wiki/File:Thiago_Motta_Bologna_2023.jpg
192131	192131.webp	Giuseppe Meazza	Unknown authorUnknown author	Public domain	https://commons.wikimedia.org/wiki/File:Giuseppe_Meazza_1935.jpg
192635	192635.webp	Ronald Koeman	Richard Mulder	CC BY-SA 3.0	https://commons.wikimedia.org/wiki/File:Ronald_Koeman_(2014)_(cropped).jpg
192671	192671.webp	Arturo Vidal	Дмитрий Садовников	CC BY-SA 3.0	https://commons.wikimedia.org/wiki/File:Chile_VS._Australia_(13)_2017-6-25_Arturo_Vidal.jpg
192749	192749.webp	Just Fontaine	Panini	Public domain	https://commons.wikimedia.org/wiki/File:Just_Fontaine_en_1958.jpg
192965	192965.webp	Juan Román Riquelme	Todo Noticias	CC BY 3.0	https://commons.wikimedia.org/wiki/File:Juan_Rom%C3%A1n_Riquelme_-_2019.jpg
193000	193000.webp	Bruno Alves	Анна Нэсси	CC BY-SA 3.0	https://commons.wikimedia.org/wiki/File:Bruno_Alves_2018.jpg
193020	193020.webp	Tim Duncan	Keith Allison from Owings Mills, USA	CC BY-SA 2.0	https://commons.wikimedia.org/wiki/File:Tim_Duncan.jpg
193625	193625.webp	Marcel Desailly	Barcex	CC BY-SA 4.0	https://commons.wikimedia.org/wiki/File:25th_Laureus_World_Sports_Awards_-_Red_Carpet_-_Marcel_Desailly_-_240422_192752-3_(cropped).jpg
193706	193706.webp	David Luiz	Amir Hosseini	CC BY 4.0	https://commons.wikimedia.org/wiki/File:David_Luiz_at_Baku_before_2019_UEFA_Europe_League_Final.jpg
195620	195620.webp	Yuya Osako	schemen	CC BY-SA 2.0	https://commons.wikimedia.org/wiki/File:Yuya_Osako_20140804.jpg
196219	196219.webp	Henrikh Mkhitaryan	Дмитрий Голубович	CC BY-SA 3.0	https://commons.wikimedia.org/wiki/File:Henrikh_Mkhitaryan_2017.jpg
201377	201377.webp	Oscar Pistorius	User:Kaston	CC BY-SA 3.0	https://commons.wikimedia.org/wiki/File:Oscar_Pistorius_in_Warsaw_(cropped).jpg
201381	201381.webp	Vincent Kompany	ManuluxWiki	CC BY-SA 4.0	https://commons.wikimedia.org/wiki/File:Vincent_Kompany_Bayern_Munich.jpg
201608	201608.webp	Dennis Rodman	GabboT	CC BY-SA 2.0	https://commons.wikimedia.org/wiki/File:Dennis_Rodman_02_(34649289162)_(cropped).jpg
201825	201825.webp	Marek Hamšík	Илья Хохлов	CC BY-SA 3.0	https://commons.wikimedia.org/wiki/File:Hamsik_2016.jpg
201866	201866.webp	Aleksandr Kerzhakov	Дмитрий Голубович	CC BY-SA 3.0	https://commons.wikimedia.org/wiki/File:Kerzhakov_2017.jpg
202054	202054.webp	Keisuke Honda	Светлана Бекетова	CC BY-SA 3.0	https://commons.wikimedia.org/wiki/File:Keisuke_Honda_2018_(cropped)_(cropped).jpg
202342	202342.webp	Margaret Court	Pellowe Talk	CC BY-SA 4.0	https://commons.wikimedia.org/wiki/File:Margaret_Court.png
203002	203002.webp	Igor Akinfeev	Анна Нэсси	CC BY-SA 3.0	https://commons.wikimedia.org/wiki/File:Igor_Akinfeev_Russia.jpg
204089	204089.webp	Carlos Valderrama	Maritza Ariza Periodista	CC BY 3.0	https://commons.wikimedia.org/wiki/File:Pibe_Valderrama_2022.jpg
204825	204825.webp	Bebeto	Sergio Savarese from Sao Paulo City / Ipiranga, Brasil	CC BY-SA 2.0	https://commons.wikimedia.org/wiki/File:Bebeto_brazil_(cropped).jpg
206641	206641.webp	Phil Jones	Matt Janzer from Missoula, USA	CC BY-SA 2.0	https://commons.wikimedia.org/wiki/File:Phil_Jones_-_July_2015_(cropped).jpg
207431	207431.webp	Louis van Gaal	Congres in Beeld from Eindhoven, The Netherlands	CC BY-SA 2.0	https://commons.wikimedia.org/wiki/File:Louis_van_Gaal_2014.jpg
207457	207457.webp	Bill Shankly	Rodhullandemu	CC BY-SA 4.0	https://commons.wikimedia.org/wiki/File:Bill_Shankly_statue%2C_Anfield_2018.jpg
208050	208050.webp	Leonardo Bonucci	Clément Bucco-Lechat	CC BY-SA 3.0	https://commons.wikimedia.org/wiki/File:20150616_-_Portugal_-_Italie_-_Gen%C3%A8ve_-_Leonardo_Bonucci.jpg
208104	208104.webp	Xabi Alonso	DONOSTIA KULTURA	CC BY-SA 2.0	https://commons.wikimedia.org/wiki/File:Los_Caminos_del_f%C3%BAtbol._Xabi_Alonso_(39666778464)_(cropped).jpg
209518	209518.webp	Wayne Gretzky	The original uploader was Hakandahlstrom at English Wikipedia. Later versions were uploaded by Iris…	CC BY-SA 3.0	https://commons.wikimedia.org/wiki/File:Wgretz_(cropped3).jpg
209942	209942.webp	Sadio Mané	Bryan Berlin	CC BY-SA 4.0	https://commons.wikimedia.org/wiki/File:Sadio_Mane_France_v_Senegal_16_June_2026-450.jpg
210453	210453.webp	Thiago Silva	Granada	CC BY-SA 4.0	https://commons.wikimedia.org/wiki/File:20180610_FIFA_Friendly_Match_Austria_vs._Brazil_Thiago_Silva_850_1582.jpg
213427	213427.webp	Aaron Ramsey	Анна Нэсси	CC BY-SA 3.0	https://commons.wikimedia.org/wiki/File:Aaron_Ramsey_2019.jpg
213812	213812.webp	Babe Ruth	Charles M. Conlon	Public domain	https://commons.wikimedia.org/wiki/File:Babe_Ruth%2C_1933.jpg
213879	213879.webp	Gordon Banks	Unknown authorUnknown author	Public domain	https://commons.wikimedia.org/wiki/File:Gordon_banks_figurita.jpg
213919	213919.webp	George Foreman	Bert Verhoeff, Nationaal Archief, Den Haag, Rijksfotoarchief: Fotocollectie Algemeen Nederlands Fot…	CC0	https://commons.wikimedia.org/wiki/File:George_Foreman_(1973).jpg
214204	214204.webp	Eden Hazard	Amir Hosseini	CC BY 4.0	https://commons.wikimedia.org/wiki/File:Eden_Hazard_at_Baku_before_2019_UEFA_Europe_League_Final.jpg
214859	214859.webp	Yasuhito Endo	Neier	CC BY-SA 3.0	https://commons.wikimedia.org/wiki/File:Yasuhito_End%C5%8D_against_Bahrain_June_22_2008.png
214903	214903.webp	Diego Godín	Анна Нэсси	CC BY-SA 3.0	https://commons.wikimedia.org/wiki/File:Diego_God%C3%ADn_2018_(cropped).jpg
215463	215463.webp	Sergio Romero	Дмитрий Садовников	CC BY-SA 3.0	https://commons.wikimedia.org/wiki/File:Russia-Argentina_2017_(cropped_Sergio_Romero).jpg
215522	215522.webp	Guillermo Ochoa	Светлана Бекетова	CC BY-SA 3.0	https://commons.wikimedia.org/wiki/File:Mex-Kor_(1)_(cropped).jpg
215890	215890.webp	Dunga	Reto Stauffer, www.hopp-schwiiz.ch	CC BY-SA 2.0 de	https://commons.wikimedia.org/wiki/File:Dunga061115.jpg
217238	217238.webp	Jimmie Johnson	File:Jimmie Johnson Carvana Chip Ganassi Racing Driver 2021.png: Jimmie Johnson Oval Test derivativ…	CC BY 3.0	https://commons.wikimedia.org/wiki/File:JJ_-_Chip_Ganassi_-_2021.jpg
220283	220283.webp	Rivelino	Unknown authorUnknown author	Public domain	https://commons.wikimedia.org/wiki/File:Rivelino_brasil_figurita.jpg
222086	222086.webp	Mia Hamm	Rob Poetsch on Flickr; cropped by Blackcat	CC BY-SA 2.0	https://commons.wikimedia.org/wiki/File:Mia_Hamm_2010_cropped.jpg
222746	222746.webp	Asamoah Gyan	Puma	CC BY 3.0	https://commons.wikimedia.org/wiki/File:Asamoah_Gyan_(2014).jpg
222789	222789.webp	Luis Enrique	Lluís from Sabadell (Barcelona), España	CC BY 2.0	https://commons.wikimedia.org/wiki/File:Luis_Enrique_2014.jpg
223827	223827.webp	Gary Cahill	Кирилл Венедиктов	CC BY-SA 3.0	https://commons.wikimedia.org/wiki/File:Gary_Cahill_2018_2_(cropped)_(cropped).jpg
227892	227892.webp	Alessandro Nesta	Joerudi	CC BY-SA 4.0	https://commons.wikimedia.org/wiki/File:Alessandro_Nesta_as_Miami_FC_Manager.jpg
228616	228616.webp	Marta	Hameltion	CC BY-SA 4.0	https://commons.wikimedia.org/wiki/File:NC_Courage_vs_Orlando_Pride_(Jun_2024)_073_(cropped).jpg
230156	230156.webp	Simona Halep	si.robi	CC BY-SA 2.0	https://commons.wikimedia.org/wiki/File:Halep_RG18_(25)_(42929445712).jpg
231630	231630.webp	Nona Gaprindashvili	GFHund	CC BY 3.0	https://commons.wikimedia.org/wiki/File:Gaprindashvili_1995_Bad_Liebenzell.jpg
234491	234491.webp	Junko Tabei	Jaan Künnap	CC BY-SA 4.0	https://commons.wikimedia.org/wiki/File:Junko_Tabei.jpg
235068	235068.webp	Claudio Ranieri	Original: Майоров Владимир Derivative work: Danyele	CC BY-SA 3.0	https://commons.wikimedia.org/wiki/File:Claudio_Ranieri_Inter_(cropped).jpg
242185	242185.webp	Bill Russell	Unknown authorUnknown author	Public domain	https://commons.wikimedia.org/wiki/File:Bill_russell_dribbling_(cropped).jpg
246417	246417.webp	Denis Cheryshev	Дмитрий Садовников	CC BY-SA 3.0	https://commons.wikimedia.org/wiki/File:Denis_Cheryshev_2014.jpg
248141	248141.webp	Maya Yoshida	内閣官房内閣広報室	CC BY 4.0	https://commons.wikimedia.org/wiki/File:Maya_Yoshida_along_with_Japan_National_Football_Team_at_the_Kantei.jpg
250901	250901.webp	Álvaro Arbeloa	User:Steindy derivative work: Mario Žamić (talk)	CC BY-SA 3.0	https://commons.wikimedia.org/wiki/File:%C3%81lvaro_Arbeloa.jpg
251683	251683.webp	Ángel Di María	Кирилл Венедиктов	CC BY-SA 3.0	https://commons.wikimedia.org/wiki/File:NIG-ARG_(5).jpg
252190	252190.webp	Xherdan Shaqiri	Антон Зайцев	CC BY-SA 3.0	https://commons.wikimedia.org/wiki/File:Xherdan_Shaqiri_2018.jpg
257548	257548.webp	Dragan Stojković	Južne vesti	CC BY 3.0	https://commons.wikimedia.org/wiki/File:%D0%94%D1%80%D0%B0%D0%B3%D0%B0%D0%BD_%D0%A1%D1%82%D0%BE%D1%98%D0%BA%D0%BE%D0%B2%D0%B8%D1%9B_%D0%9F%D0%B8%D0%BA%D1%81%D0%B8_2021.png
258115	258115.webp	Diego Simeone	Barcex	CC BY-SA 4.0	https://commons.wikimedia.org/wiki/File:25th_Laureus_World_Sports_Awards_-_Red_Carpet_-_Diego_Simeone_-_240422_192621-2_(cropped).jpg
260725	260725.webp	Megan Rapinoe	Daniel Nickson	CC BY 3.0	https://commons.wikimedia.org/wiki/File:Megan_Rapinoe_Stat_Sports_2.jpg
261534	261534.webp	Diego Forlán	Ailura	CC BY-SA 3.0 at	https://commons.wikimedia.org/wiki/File:U10_Diego_Forl%C3%A1n_7524.jpg
266613	266613.webp	El Perrito de la C	Дмитрий Голубович	CC BY-SA 3.0	https://commons.wikimedia.org/wiki/File:Wayne-Rooney-2015-10-21.jpg
273206	273206.webp	Joe Louis	Associated Press	Public domain	https://commons.wikimedia.org/wiki/File:Joe_Louis_1937_headshot_by_the_Associated_Press.jpg
273256	273256.webp	Hakeem Olajuwon	U.S. Department of State	Public domain	https://commons.wikimedia.org/wiki/File:Nigerian_President_Buhari_Stands_With_Secretary_Kerry%2C_U.S._Delegation_After_They_Attended_His_Inauguration_Ceremony_(cropped).jpg
273715	273715.webp	Jordan Henderson	Bryan Berlin	CC BY-SA 4.0	https://commons.wikimedia.org/wiki/File:Jordan_Henderson_England_v_Ghana_23_June_2026-029_(cropped).jpg
274009	274009.webp	Kirsty Coventry	Martin Rulsch, Wikimedia Commons	CC BY-SA 4.0	https://commons.wikimedia.org/wiki/File:2018-10-17_Boxing_lightweight_Boys'_%E2%80%9360_kg_at_2018_Summer_Youth_Olympics_%E2%80%93_Victory_ceremony_(Martin_Rulsch)_2.jpg
275169	275169.webp	Marouane Fellaini	Светлана Бекетова	CC BY-SA 3.0	https://commons.wikimedia.org/wiki/File:Fellaini_2017-03-09.jpg
276091	276091.webp	Koke	Анна Нэсси	CC BY-SA 3.0	https://commons.wikimedia.org/wiki/File:Koke_2019.jpg
281734	281734.webp	Yūto Nagatomo	Ирина Рыбакова	CC BY-SA 3.0	https://commons.wikimedia.org/wiki/File:Yuto_Nagatomo_in_2018.jpg
294214	294214.webp	Dirk Kuyt	User:Zafer	CC BY-SA 4.0	https://commons.wikimedia.org/wiki/File:Dirk_Kuyt_Fenerbah%C3%A7e_20260805_(1)_(cropped).JPG
294806	294806.webp	César Azpilicueta	محمد امین انصاری	CC BY 4.0	https://commons.wikimedia.org/wiki/File:C%C3%A9sar_Azpilicueta%2C_Al_Hilal_SFC_vs_Chelsea_F.C.%2C_9_February_2022.jpg
294951	294951.webp	Christian Eriksen	Chris 0023 from Lyngby, Denmark	CC BY-SA 2.0	https://commons.wikimedia.org/wiki/File:20140904_-_Christian_Eriksen_(cropped).jpg
294980	294980.webp	Rui Patrício	Анна Нэсси	CC BY-SA 3.0	https://commons.wikimedia.org/wiki/File:Rui_Patr%C3%ADcio_2018.jpg
295307	295307.webp	Salvatore Schillaci	Користувач:Thevolodymyr на основі оригінального зображення авторства Fcbello з commons	CC BY-SA 3.0	https://commons.wikimedia.org/wiki/File:Salvatore_Schillac_croppedi.jpg
295797	295797.webp	Kasper Schmeichel	Hameltion	CC BY-SA 4.0	https://commons.wikimedia.org/wiki/File:Kasper_Schmeichel_Celtic-20240722_(cropped).jpg
308840	308840.webp	Jean-Claude Van Damme	Georges Biard	CC BY-SA 3.0	https://commons.wikimedia.org/wiki/File:Van_Damme_Cannes_2010_(cropped).jpg
310598	310598.webp	Marcus Tulio Tanaka	Neier	CC BY-SA 3.0	https://commons.wikimedia.org/wiki/File:Tulio_20080622.jpg
310602	310602.webp	Takayuki Morimoto	King84	Public domain	https://commons.wikimedia.org/wiki/File:Morimoto_UDI-CAT_4-2.jpg
310607	310607.webp	Atsuto Uchida	Daniel Kraski	CC BY 2.0	https://commons.wikimedia.org/wiki/File:Uchida_Schalke_2015.jpg
310610	310610.webp	Eiji Kawashima	norio nakayama	CC BY-SA 2.0	https://commons.wikimedia.org/wiki/File:Eiji_Kawashima_press_conference.jpg
310612	310612.webp	Shinji Okazaki	jeollo von http://www.vfb-exklusiv.de	CC BY-SA 3.0	https://commons.wikimedia.org/wiki/File:Shinji_okazaki.jpg
311209	311209.webp	Yoshito Okubo	Whispered11	CC BY-SA 4.0	https://commons.wikimedia.org/wiki/File:Okubo_Yoshito.jpg
311511	311511.webp	Mário Zagallo	Mieremet, Rob / Anefo	CC BY-SA 3.0 nl	https://commons.wikimedia.org/wiki/File:M%C3%A1rio_Zagallo_1974.jpg
311723	311723.webp	Donnie Yen	Will629	CC0	https://commons.wikimedia.org/wiki/File:Donnie_Yen_20250323.jpg
311872	311872.webp	Philippe Coutinho	Oleg Bkhambri (Voltmetro)	CC BY-SA 3.0	https://commons.wikimedia.org/wiki/File:Coutinho_2018.jpg
312157	312157.webp	Raheem Sterling	Антон Зайцев	CC BY-SA 3.0	https://commons.wikimedia.org/wiki/File:Raheem_Sterling_2018.jpg
312772	312772.webp	Fred	Tânia Rêgo/ABr	CC BY 3.0 br	https://commons.wikimedia.org/wiki/File:Fred_Silver_Boot%2C_Confederations_Cup_2013.jpg
313161	313161.webp	Claudio Bravo	Дмитрий Садовников	CC BY-SA 3.0	https://commons.wikimedia.org/wiki/File:Chile_VS._Australia_(1cropped).jpg
313170	313170.webp	Jan Vertonghen	Кирилл Венедиктов	CC BY-SA 3.0	https://commons.wikimedia.org/wiki/File:Jan_Vertonghen_Belgium.jpg
313316	313316.webp	Romelu Lukaku	Vyacheslav Evdokimov	CC BY-SA 3.0	https://commons.wikimedia.org/wiki/File:Romelu_Lukaku_2021.jpg
313565	313565.webp	Jeff Gordon	Zach Catanzareti Photo	CC BY 2.0	https://commons.wikimedia.org/wiki/File:Jeff_gordon_(47223209121).jpg
315697	315697.webp	Julian Draxler	Sandro Halank, Wikimedia Commons	CC BY-SA 4.0	https://commons.wikimedia.org/wiki/File:2019-07-17_SG_Dynamo_Dresden_vs._Paris_Saint-Germain_by_Sandro_Halank%E2%80%93107.jpg
318204	318204.webp	Floyd Mayweather	DEWALT POWER TOOLS FIGHT NIGHT CLUB 2010	CC BY-SA 2.0	https://commons.wikimedia.org/wiki/File:Floyd_Mayweather%2C_Jr._at_DeWalt_event_(5888721735)_(rotated_4).jpg
327456	327456.webp	Hakim Ziyech	Кирилл Венедиктов	CC BY-SA 3.0	https://commons.wikimedia.org/wiki/File:Hakim_Ziyech_2021.jpg
331953	331953.webp	Kazuyoshi Miura	Original: norio nakayama / Derivative work: Akonnchiroll	CC BY-SA 2.0	https://commons.wikimedia.org/wiki/File:Kazu_Miura_at_Matsuda_tribute_match_20120122_(cropped).jpg
331968	331968.webp	Yuji Nakazawa	Neier	CC BY-SA 3.0	https://commons.wikimedia.org/wiki/File:Nakazawa_20080622.jpg
337623	337623.webp	Marco Verratti	Sandro Halank, Wikimedia Commons	CC BY-SA 4.0	https://commons.wikimedia.org/wiki/File:2019-07-17_SG_Dynamo_Dresden_vs._Paris_Saint-Germain_by_Sandro_Halank%E2%80%93505_(cropped).jpg
348857	348857.webp	Gary Neville	University of Salford Press Office	CC BY 2.0	https://commons.wikimedia.org/wiki/File:Gary_Neville_2014_(cropped).jpg
349125	349125.webp	Dejan Lovren	Vyacheslav Yevdokimov	CC BY-SA 3.0	https://commons.wikimedia.org/wiki/File:Lovren_in_Zenit_(cropped).jpg
352159	352159.webp	Stephen Curry	Cyrus Saatsaz	CC BY-SA 4.0	https://commons.wikimedia.org/wiki/File:Stephen_Curry_Shooting_(cropped)_(cropped).jpg
357984	357984.webp	Kevin De Bruyne	Bryan Berlin	CC BY-SA 4.0	https://commons.wikimedia.org/wiki/File:Kevin_De_Bruyne_USMNT_v_Belgium_Mar_28_2026-64_(cropped).jpg
365144	365144.webp	Caitlyn Jenner	US Mission to the UN	Public domain	https://commons.wikimedia.org/wiki/File:Caitlyn_Jenner.jpeg
367474	367474.webp	Takashi Usami	Fuguito	CC BY-SA 3.0	https://commons.wikimedia.org/wiki/File:Takashi-Usami-2016-07.jpg
368441	368441.webp	James Rodríguez	Canal 10 Gold	CC BY 3.0	https://commons.wikimedia.org/wiki/File:James_al_natural_-_Series%2C_02.jpg
376247	376247.webp	Dimitri Payet	Egghead06	CC BY-SA 4.0	https://commons.wikimedia.org/wiki/File:Payet_April_2016.jpeg
380695	380695.webp	Kunishige Kamamoto	Ogiyoshisan	CC BY 3.0	https://commons.wikimedia.org/wiki/File:Kunishige_Kamamoto_IMG_3322_20140110.JPG
386876	386876.webp	Emmanuel Adebayor	Jan S0L0	CC BY-SA 4.0	https://commons.wikimedia.org/wiki/File:Adebayor-RealMadrid.jpg
429039	429039.webp	Roberto Carlos	Web Summit	CC BY 2.0	https://commons.wikimedia.org/wiki/File:LS3_1288_(53332367864)_(cropped).jpg
439722	439722.webp	Son Heung-min	Ujishadow	CC BY-SA 4.0	https://commons.wikimedia.org/wiki/File:BFA_2023_-2_Heung-Min_Son_(cropped).jpg
455462	455462.webp	Antoine Griezmann	Biser Todorov (User:Biso) from Sofia, Bulgaria	CC BY-SA 2.0	https://commons.wikimedia.org/wiki/File:Antoine_Griezmann_(51100409504)_(cropped).jpg
458101	458101.webp	Ciro Immobile	Clément Bucco-Lechat	CC BY-SA 3.0	https://commons.wikimedia.org/wiki/File:20150616_-_Portugal_-_Italie_-_Gen%C3%A8ve_-_Ciro_Immobile_1.jpg
459356	459356.webp	Fernandinho	Ailura	CC BY-SA 3.0 at	https://commons.wikimedia.org/wiki/File:20141118_AUTBRA_5080.jpg
459707	459707.webp	Diego Costa	Mahdi Zare/Fars News Agency	CC BY 4.0	https://commons.wikimedia.org/wiki/File:Iran_and_Spain_match_at_the_FIFA_World_Cup_23.jpg
459830	459830.webp	Steven Gerrard	Эдгар Брещанов	CC BY-SA 3.0	https://commons.wikimedia.org/wiki/File:Steven_Gerrard_2018.jpg
482931	482931.webp	Ferenc Puskás	UnknownUnknown	Public domain	https://commons.wikimedia.org/wiki/File:Puskas_(1971).tif
482947	482947.webp	Nani	Кирилл Венедиктов	CC BY-SA 3.0	https://commons.wikimedia.org/wiki/File:New_Zealand-Portugal_Nani.jpg
482955	482955.webp	Edwin van der Sar	Paul Blank	CC BY 2.5	https://commons.wikimedia.org/wiki/File:Edwin_van_der_Sar_side.jpg
483027	483027.webp	Paolo Maldini	Foad Ashtari	CC BY 4.0	https://commons.wikimedia.org/wiki/File:Paolo_Maldini_press_conference_in_Tehran_(cropped).jpg
483137	483137.webp	Petr Čech	Warrenfish	CC BY-SA 3.0	https://commons.wikimedia.org/wiki/File:Petr_%C4%8Cech_Chelsea_2013.jpg
483145	483145.webp	Luís Figo	Biser Todorov	CC BY 4.0	https://commons.wikimedia.org/wiki/File:L._Figo_2017_(cropped).jpg
483309	483309.webp	Sergio Ramos	Real Madrid	CC BY 3.0	https://commons.wikimedia.org/wiki/File:Sergio_Ramos_Interview_2021_(cropped).jpg
483417	483417.webp	Rio Ferdinand	Web Summit	CC BY 2.0	https://commons.wikimedia.org/wiki/File:Web_Summit_2015_-_Dublin%2C_Ireland_-_22183056474_(cropped).jpg
483437	483437.webp	Sepp Blatter	Пресс-служба Президента России	CC BY 4.0	https://commons.wikimedia.org/wiki/File:%D0%99%D0%BE%D0%B7%D0%B5%D1%84_%D0%91%D0%BB%D0%B0%D1%82%D1%82%D0%B5%D1%80.jpg
483577	483577.webp	Rivaldo	w:User:Nursultan12	CC BY-SA 4.0	https://commons.wikimedia.org/wiki/File:Rivaldo_bunyodkor_2010.jpg
483583	483583.webp	Alan Shearer	Originally carltonreid; retouched by DFS454	CC BY-SA 2.0	https://commons.wikimedia.org/wiki/File:Alan_Shearer_2008.jpg
483629	483629.webp	Marco van Basten	Paul Blank - Postproduktie.nl	CC BY 2.5	https://commons.wikimedia.org/wiki/File:Marco_van_Basten_(ca_2006).jpg
483837	483837.webp	Luka Modrić	Bryan Berlin	CC BY-SA 4.0	https://commons.wikimedia.org/wiki/File:Luka_Modric_Croatia_v_Portugal_2_July_2026-055.jpg
483846	483846.webp	Gonzalo Higuaín	Кирилл Венедиктов	CC BY-SA 3.0	https://commons.wikimedia.org/wiki/File:Higua%C3%ADn_20180626.jpg
484384	484384.webp	Fábio Coentrão	Майоров Владимир	CC BY-SA 3.0	https://commons.wikimedia.org/wiki/File:4F%C3%A1bio_Coentr%C3%A3o.jpg
484534	484534.webp	Guus Hiddink	Степиньш Ольга	CC BY-SA 3.0	https://commons.wikimedia.org/wiki/File:Guus_Hiddink_2012.jpg
484909	484909.webp	Clarence Seedorf	Кирилл Венедиктов	CC BY-SA 3.0	https://commons.wikimedia.org/wiki/File:Clarence_Seedorf_2021.jpg
485697	485697.webp	Pepe	Дмитрий Садовников	CC BY-SA 3.0	https://commons.wikimedia.org/wiki/File:Russia-Portugal_CC2017_(11_(cropped).jpg
486359	486359.webp	Manny Pacquiao	Avito C. Dalan for the Philippine News Agency	Public domain	https://commons.wikimedia.org/wiki/File:Pacquiao_and_Didal_(cropped).jpg
487459	487459.webp	Arda Turan	HakanIST	CC0	https://commons.wikimedia.org/wiki/File:Arda_Turan%2C_Ey%C3%BCpspor_Teknik_Direkt%C3%B6r%C3%BC%2C_1_Eyl%C3%BCl_2024_Kas%C4%B1mpa%C5%9Fa_Stadyumu.jpg
489039	489039.webp	Raphaël Varane	Антон Зайцев	CC BY-SA 3.0	https://commons.wikimedia.org/wiki/File:Liver-RM_(8)_(Varane).jpg
503137	503137.webp	Nacho	Кирилл Венедиктов	CC BY-SA 3.0	https://commons.wikimedia.org/wiki/File:Nacho_Fern%C3%A1ndez.jpg
507890	507890.webp	Marcos Rojo	Кирилл Венедиктов	CC BY-SA 3.0	https://commons.wikimedia.org/wiki/File:Marcos_Rojo_2018.jpg
508711	508711.webp	Didier Deschamps	Bryan Berlin	CC BY-SA 4.0	https://commons.wikimedia.org/wiki/File:Didier_Deschamps_France_v_Senegal_16_June_2026-519_(cropped).jpg
514427	514427.webp	Granit Xhaka	@cfcunofficial (Chelsea Debs) London from London, UK	CC BY-SA 2.0	https://commons.wikimedia.org/wiki/File:Granit_Xhaka_(cropped).jpg
529207	529207.webp	Ronaldo	Web Summit	CC BY 2.0	https://commons.wikimedia.org/wiki/File:051119SMcC0014.jpg
531814	531814.webp	Kaká	José Cruz/ABr (cropped by tales.ebner)	CC BY 3.0 br	https://commons.wikimedia.org/wiki/File:Ricardo_Izecson_dos_Santos_Leite_(Kak%C3%A1)_01.jpg
558820	558820.webp	Gōtoku Sakai	Светлана Бекетова	CC BY-SA 3.0	https://commons.wikimedia.org/wiki/File:Gotoku_Sakai_2018.jpg
558887	558887.webp	Hiroki Sakai	Светлана Бекетова	CC BY-SA 3.0	https://commons.wikimedia.org/wiki/File:Hiroki_Sakai.jpg
570811	570811.webp	Ricardo Carvalho	Jan S0L0	CC BY-SA 2.0	https://commons.wikimedia.org/wiki/File:Carvalho_in_2010-11_Real_Madrid.jpg
602525	602525.webp	Roberto Firmino	Granada	CC BY-SA 4.0	https://commons.wikimedia.org/wiki/File:20180610_FIFA_Friendly_Match_Austria_vs._Brazil_Roberto_Firmino_850_1557.jpg
616664	616664.webp	Casemiro	Bryan Berlin	CC BY-SA 4.0	https://commons.wikimedia.org/wiki/File:Casemiro_Brazil_V_Morocco_13_June_2026-76_(cropped).jpg
657360	657360.webp	Vicente del Bosque	Steindy (talk) 08:39, 5 June 2010 (UTC)	CC BY-SA 3.0	https://commons.wikimedia.org/wiki/File:Vicente_del_Bosque_-_Teamchef_Spain_(02)_(cropped).jpg
659634	659634.webp	Deco	Darz Mol	CC BY-SA 2.5 es	https://commons.wikimedia.org/wiki/File:Deco_21dec2006.jpg
694014	694014.webp	Shkodran Mustafi	Chensiyuan	CC BY-SA 4.0	https://commons.wikimedia.org/wiki/File:1_Shkodran_Mustafi_2018_(cropped).jpg
701297	701297.webp	Mateo Kovačić	Bryan Berlin	CC BY-SA 4.0	https://commons.wikimedia.org/wiki/File:Mateo_Kovacic_Croatia_v_Portugal_2_July_2026-132.jpg
733494	733494.webp	Hiroshi Kiyotake	Daniel	CC BY 2.0	https://commons.wikimedia.org/wiki/File:Kiyotake_Hiroshi.jpg
776878	776878.webp	Takumi Minamino	Paté kroute	CC0	https://commons.wikimedia.org/wiki/File:Minamino_asse_asm_2425.png
969423	969423.webp	Keylor Navas	Антон Зайцев	CC BY-SA 3.0	https://commons.wikimedia.org/wiki/File:Keylor_Navas_2018_(cropped).jpg
969520	969520.webp	Michael Essien	@cfcunofficial (Chelsea Debs) London from London, UK	CC BY-SA 2.0	https://commons.wikimedia.org/wiki/File:Chelsea_Legends_1_Inter_Forever_4_(28453496098)_(cropped).jpg
969725	969725.webp	Harry Kane	Bryan Berlin	CC BY-SA 4.0	https://commons.wikimedia.org/wiki/File:Harry_Kane_England_v_Ghana_23_June_2026-219_(cropped).jpg
1191198	1191198.webp	Ding Liren	Stefan64	CC BY-SA 3.0	https://commons.wikimedia.org/wiki/File:DingLiren24a.jpg
1255625	1255625.webp	Samuel Eto'o	BACHELOR45	CC BY-SA 4.0	https://commons.wikimedia.org/wiki/File:Sammuel_Eto'o_Fils_02.jpg
1354960	1354960.webp	Mohamed Salah	Bryan Berlin	CC BY-SA 4.0	https://commons.wikimedia.org/wiki/File:Mohamed_Salah_Argentina_v_Egypt_7_July_2026-163_(cropped).jpg
1756086	1756086.webp	Lorenzo Insigne	Presidenza della Repubblica	Attribution	https://commons.wikimedia.org/wiki/File:Lorenzo_Insigne_2021.jpg
2011456	2011456.webp	Gaku Shibasaki	Светлана Бекетова	CC BY-SA 3.0	https://commons.wikimedia.org/wiki/File:Gaku_Shibasaki.jpg
2025900	2025900.webp	John Stones	Bryan Berlin	CC BY-SA 4.0	https://commons.wikimedia.org/wiki/File:John_Stones_England_v_Ghana_23_June_2026-038.jpg
2239218	2239218.webp	Max Verstappen	Steffen Prößdorf	CC BY-SA 4.0	https://commons.wikimedia.org/wiki/File:2024-08-25_Motorsport%2C_Formel_1%2C_Gro%C3%9Fer_Preis_der_Niederlande_2024_STP_3973_by_Stepro_(portrait_cropped).jpg
2428403	2428403.webp	Hajime Moriyasu	内閣官房内閣広報室	CC BY 4.0	https://commons.wikimedia.org/wiki/File:Fumio_Kishida_with_Japan_National_Football_Team_after_Qatar_World_Cup_(8)_(cropped).jpg
2621730	2621730.webp	Jüri Ratas	European Union 2024 - Source : EP	Attribution	https://commons.wikimedia.org/wiki/File:1718798568612_20240618_RATAS_Juri_EE_007.jpg
3195361	3195361.webp	Kepa Arrizabalaga	Vyacheslav Evdokimov	CC BY-SA 3.0	https://commons.wikimedia.org/wiki/File:Kepa_Arrizabalaga_2021_(cropped).jpg
3275904	3275904.webp	Emiliano Martínez	Bryan Berlin	CC BY-SA 4.0	https://commons.wikimedia.org/wiki/File:Emiliano_Martinez_Argentina_v_Spain_19_July_2026-269.jpg
3526023	3526023.webp	Khabib Nurmagomedov	Airotcivss	CC BY-SA 4.0	https://commons.wikimedia.org/wiki/File:Khabib_nurmagomedov.jpg
3529022	3529022.webp	Timo Werner	Steffen Prößdorf	CC BY-SA 4.0	https://commons.wikimedia.org/wiki/File:2020-03-10_Fu%C3%9Fball%2C_M%C3%A4nner%2C_UEFA_Champions_League_Achtelfinale%2C_RB_Leipzig_-_Tottenham_Hotspur_1DX_3684_by_Stepro.jpg
4254043	4254043.webp	Divock Origi	Eric The Fish from UK	CC BY 2.0	https://commons.wikimedia.org/wiki/File:LFC_Parade_2019_01_Divock_Origi.jpg
4262660	4262660.webp	Yulia Lipnitskaya	David W. Carmichael	CC BY-SA 3.0	https://commons.wikimedia.org/wiki/File:Julia_Lipnitskaia_at_the_2014_European_Championships_-_Awarding_ceremony.jpg
4979316	4979316.webp	Bruno Fernandes	Bryan Berlin	CC BY-SA 4.0	https://commons.wikimedia.org/wiki/File:Bruno_Fernandes_USMNT_v_Portugal_Mar_31_2026-27_(cropped).jpg
5162259	5162259.webp	Conor McGregor	Andrius Petrucenia on Flickr (Original version) UCinternational (Crop)	CC BY-SA 2.0	https://commons.wikimedia.org/wiki/File:Conor_McGregor%2C_UFC_189_World_Tour_London_(2).jpg
5981954	5981954.webp	Lucas Vázquez	Fuguito	CC BY-SA 4.0	https://commons.wikimedia.org/wiki/File:Lucas-V%C3%A1zquez-2025-2.jpg
6147586	6147586.webp	Jamie Vardy	Кирилл Венедиктов	CC BY-SA 3.0	https://commons.wikimedia.org/wiki/File:Jamie_Vardy_2018.jpg
7520267	7520267.webp	Simone Biles	Ocoudis	CC BY-SA 4.0	https://commons.wikimedia.org/wiki/File:Simone_Biles_National_Team_2024.jpg
8338725	8338725.webp	Riyad Mahrez	Jeanpierrekepseu	CC BY-SA 4.0	https://commons.wikimedia.org/wiki/File:Mahrez_2021.jpg
8991894	8991894.webp	Giannis Antetokounmpo	Erik Drost	CC BY 2.0	https://commons.wikimedia.org/wiki/File:Giannis_Antetokounmpo_(51915153421)_(cropped).jpg
10526787	10526787.webp	Wataru Endō	Hadi Abyar	CC BY 4.0	https://commons.wikimedia.org/wiki/File:Wataru_Endo_at_Iran-Japan_pre-match_conference.jpg
10553748	10553748.webp	Dele Alli	Steffen Prößdorf	CC BY-SA 4.0	https://commons.wikimedia.org/wiki/File:2020-03-10_Dele_Alli_(cropped).jpg
11557367	11557367.webp	Takuma ano	Jeollo von http://www.vfb-exklusiv.de	CC BY-SA 3.0	https://commons.wikimedia.org/wiki/File:Takuma_Asano.jpg
13014035	13014035.webp	Jordan Pickford	Bryan Berlin	CC BY-SA 4.0	https://commons.wikimedia.org/wiki/File:Jordan_Pickford_England_v_Ghana_23_June_2026-049.jpg
13865408	13865408.webp	Joshua Kimmich	Bryan Berlin	CC BY-SA 4.0	https://commons.wikimedia.org/wiki/File:Joshua_Kimmich_Ecuador_v_Germany_25_June_2026-149.jpg
15401668	15401668.webp	Yoshinori Muto	Fuguito	CC BY-SA 3.0	https://commons.wikimedia.org/wiki/File:Yoshinori-Muto-2015-07.jpg
15521306	15521306.webp	Bernardo Silva	Bryan Berlin	CC BY-SA 4.0	https://commons.wikimedia.org/wiki/File:Bernardo_Silva_Croatia_v_Portugal_2_July_2026-238.jpg
16148978	16148978.webp	Marco Asensio	User:Zafer	CC BY-SA 4.0	https://commons.wikimedia.org/wiki/File:Marco_Asensio_10_Fenerbah%C3%A7e_20260805_(4)_(cropped).JPG
16499882	16499882.webp	Leroy Sané	Bryan Berlin	CC BY-SA 4.0	https://commons.wikimedia.org/wiki/File:Leroy_Sane_Ecuador_v_Germany_25_June_2026-004.jpg
16665941	16665941.webp	N'Golo Kanté	Bryan Berlin	CC BY-SA 4.0	https://commons.wikimedia.org/wiki/File:N'Golo_Kante_France_v_Senegal_16_June_2026-397.jpg
16902219	16902219.webp	Martin Ødegaard	Bryan Berlin	CC BY-SA 4.0	https://commons.wikimedia.org/wiki/File:Martin_Odegaard_Morocco_v_Norway_7_June_2026-56_(cropped).jpg
17466583	17466583.webp	Naomi Osaka	si.robi	CC BY-SA 2.0	https://commons.wikimedia.org/wiki/File:Naomi_Osaka_2017_Wimbledon.jpg
17541912	17541912.webp	Charles Leclerc	Steffen Prößdorf	CC BY-SA 4.0	https://commons.wikimedia.org/wiki/File:2024-08-25_Motorsport%2C_Formel_1%2C_Gro%C3%9Fer_Preis_der_Niederlande_2024_STP_3978_by_Stepro_(cropped2).jpg
18237361	18237361.webp	Alisson Becker	Bryan Berlin	CC BY-SA 4.0	https://commons.wikimedia.org/wiki/File:Alisson_Becker_Brazil_V_Morocco_13_June_2026-117_(cropped).jpg
19509544	19509544.webp	Federico Valverde	Real Madrid	CC BY 3.0	https://commons.wikimedia.org/wiki/File:Federico_Valverde_2021_(cropped).jpg
19518278	19518278.webp	Diogo Jota	Timmy96	CC0	https://commons.wikimedia.org/wiki/File:Diogo_Jota_2025_Cropped.jpg
19599124	19599124.webp	Benjamin Pavard	Кирилл Венедиктов	CC BY-SA 3.0	https://commons.wikimedia.org/wiki/File:Benjamin_Pavard_20180709.jpg
19898898	19898898.webp	Frenkie de Jong	Yuliia Perekopaiko	CC BY-SA 4.0	https://commons.wikimedia.org/wiki/File:%D0%9C%D0%B0%D1%82%D1%87_%C2%AB%D0%94%D0%B8%D0%BD%D0%B0%D0%BC%D0%BE%C2%BB_-_%C2%AB%D0%91%D0%B0%D1%80%D1%81%D0%B5%D0%BB%D0%BE%D0%BD%D0%B0%C2%BB_0-1._2_%D0%BD%D0%BE%D1%8F%D0%B1%D1%80%D1%8F_2021_%D0%B3%D0%BE%D0%B4%D0%B0._II_%E2%80%94_1289671_(cropped).jpg
20806743	20806743.webp	Richarlison	Assembleia Legislativa do Espírito Santo	CC BY 2.0	https://commons.wikimedia.org/wiki/File:Richarlison_%C3%A9_homenageado_na_ALES_(10.July.2019)_08_(cropped).jpg
20830808	20830808.webp	Gianluigi Donnarumma	Original: MichaelEmilio / Derivative work: Danyele	CC BY 4.0	https://commons.wikimedia.org/wiki/File:Norway_Italy_-_June_2025_B_33_-_Gianluigi_Donnarumma_(close-up).jpg
20851003	20851003.webp	Ousmane Dembélé	Bryan Berlin	CC BY-SA 4.0	https://commons.wikimedia.org/wiki/File:Ousmane_Dembele_France_v_Senegal_16_June_2026-341_(cropped).jpg
20994118	20994118.webp	Rodri	Bryan Berlin	CC BY-SA 4.0	https://commons.wikimedia.org/wiki/File:Rodri_France_v_Spain_7.24.26-096.jpg
21286612	21286612.webp	Bella Hadid	Gabriel Hutchinson	CC BY-SA 4.0	https://commons.wikimedia.org/wiki/File:Bella_Hadid_at_the_2026_Cannes_Film_Festival_01_(cropped).jpg
21484126	21484126.webp	Lautaro Martínez	Bryan Berlin	CC BY-SA 4.0	https://commons.wikimedia.org/wiki/File:Lautaro_Martinez_Argentina_v_Spain_19_July_2026-049_(cropped).jpg
21621995	21621995.webp	Kylian Mbappé	Bryan Berlin	CC BY-SA 4.0	https://commons.wikimedia.org/wiki/File:Kylian_Mbappe_France_v_Senegal_16_June_2026-391_(cropped).jpg
22007193	22007193.webp	Lando Norris	Steffen Prößdorf, crop by Cerebral726	CC BY-SA 4.0	https://commons.wikimedia.org/wiki/File:2024-08-25_Motorsport%2C_Formel_1%2C_Gro%C3%9Fer_Preis_der_Niederlande_2024_STP_4016_by_Stepro_(cropped).jpg
22951255	22951255.webp	Marcus Rashford	Bryan Berlin	CC BY-SA 4.0	https://commons.wikimedia.org/wiki/File:Marcus_Rashford_England_v_Panama_27_June_26-047.jpg
25253293	25253293.webp	Victor Osimhen	Fédération Guinéenne Football	Public domain	https://commons.wikimedia.org/wiki/File:Victor-osimhen-nigeria-2024-3-4.jpg
26704703	26704703.webp	Federico Chiesa	Kirill Venediktov	CC BY-SA 3.0	https://commons.wikimedia.org/wiki/File:Federico_Chiesa_vs_Zenit_2021-10-20_(cropped2).jpg
26932598	26932598.webp	Achraf Hakimi	Bryan Berlin	CC BY-SA 4.0	https://commons.wikimedia.org/wiki/File:Achraf_Hakimi_Morocco_v_Norway_7_June_2026-16.jpg
27049064	27049064.webp	João Félix	Bryan Berlin	CC BY-SA 4.0	https://commons.wikimedia.org/wiki/File:Joao_Felix_Croatia_v_Portugal_2_July_2026-007.jpg
27310755	27310755.webp	Kai Havertz	Bryan Berlin	CC BY-SA 4.0	https://commons.wikimedia.org/wiki/File:Kai_Havertz_Ecuador_v_Germany_25_June_2026-118.jpg
27569376	27569376.webp	Trent Alexander-Arnold	Антон Зайцев	CC BY-SA 3.0	https://commons.wikimedia.org/wiki/File:Trent_Alexander-Arnold_2018_(cropped).jpg
28801927	28801927.webp	Cody Gakpo	elisfkc3	CC BY-SA 4.0	https://commons.wikimedia.org/wiki/File:Netherlands_v_Tunisia_2026_World_Cup_-_55373562032_(Cody_Gakpo).jpg
28967995	28967995.webp	Erling Haaland	Bryan Berlin	CC BY-SA 4.0	https://commons.wikimedia.org/wiki/File:Erling_Haaland_France_v_Norway_26_June_26-008.jpg
28973866	28973866.webp	Vinícius Júnior	Bryan Berlin	CC BY-SA 4.0	https://commons.wikimedia.org/wiki/File:Vin%C3%ADcius_J%C3%BAnior_Brazil_V_Morocco_13_June_2026-207_(cropped).jpg
30007142	30007142.webp	Declan Rice	Bryan Berlin	CC BY-SA 4.0	https://commons.wikimedia.org/wiki/File:Declan_Rice_England_v_Ghana_23_June_2026-150.jpg
30055335	30055335.webp	Rafael Leão	Agência Lusa	CC BY 3.0	https://commons.wikimedia.org/wiki/File:RafaelLe%C3%A3oPortugal23.jpg
30148558	30148558.webp	Jadon Sancho	Ardfern	CC BY-SA 4.0	https://commons.wikimedia.org/wiki/File:Manchester_United_v_Liverpool%2C_22_August_2022_(33)_(cropped).jpg
30729096	30729096.webp	Phil Foden	Steffen Prößdorf	CC BY-SA 4.0	https://commons.wikimedia.org/wiki/File:2023-10-04_Fu%C3%9Fball%2C_M%C3%A4nner%2C_UEFA_Champions_League%2C_RB_Leipzig_-_Manchester_City_FC_1DX_2613%2C_Phil_Foden.jpg
42728914	42728914.webp	Rodrygo	Junta de Andalucía	CC BY-SA 2.0	https://commons.wikimedia.org/wiki/File:Rodrygo_2023_(cropped).jpg
44297797	44297797.webp	Ferran Torres	Bryan Berlin	CC BY-SA 4.0	https://commons.wikimedia.org/wiki/File:Ferran_Torres_France_v_Spain_7.24.26-237_(cropped).jpg
54812588	54812588.webp	Jannik Sinner	The White House derivative work: Kacir	Public domain	https://commons.wikimedia.org/wiki/File:Jannik_Sinner_US_Open_2025_(cropped).jpg
55008046	55008046.webp	Albert I of Belgium	Studio of Eugène Pirou	Public domain	https://commons.wikimedia.org/wiki/File:Albert_I_Koning_der_Belgen.jpg
56026072	56026072.webp	Gukesh D	Frans Peeters	CC BY-SA 2.0	https://commons.wikimedia.org/wiki/File:Gukesh_in_2025_(cropped).jpg
59306386	59306386.webp	Bukayo Saka	Bryan Berlin	CC BY-SA 4.0	https://commons.wikimedia.org/wiki/File:Bukayo_Saka_England_v_Ghana_23_June_2026-057_(cropped).jpg
59381180	59381180.webp	Julián Alvarez	Bryan Berlin	CC BY-SA 4.0	https://commons.wikimedia.org/wiki/File:Julian_Alvarez_Argentina_v_Spain_19_July_2026-052_(cropped).jpg
61780902	61780902.webp	Khvicha Kvaratskhelia	გიორგი კეკელიძის პირადი არქივი	CC BY 4.0	https://commons.wikimedia.org/wiki/File:Khvicha_Kvaratskhelia_cropped.jpg
62050484	62050484.webp	Michael Olise	Bryan Berlin	CC BY-SA 4.0	https://commons.wikimedia.org/wiki/File:Michael_Olise_France_v_Senegal_16_June_2026-307_(cropped).jpg
66241169	66241169.webp	Jude Bellingham	Bryan Berlin	CC BY-SA 4.0	https://commons.wikimedia.org/wiki/File:Jude_Bellingham_England_v_Ghana_23_June_2026-061_(cropped).jpg
66606355	66606355.webp	Pedri	Bryan Berlin	CC BY-SA 4.0	https://commons.wikimedia.org/wiki/File:Pedri_France_v_Spain_7.24.26-245.jpg
66743376	66743376.webp	Ansu Fati	Olga Shcherbytska	CC BY-SA 4.0	https://commons.wikimedia.org/wiki/File:%D0%9C%D0%B0%D1%82%D1%87_%C2%AB%D0%94%D0%B8%D0%BD%D0%B0%D0%BC%D0%BE%C2%BB_-_%C2%AB%D0%91%D0%B0%D1%80%D1%81%D0%B5%D0%BB%D0%BE%D0%BD%D0%B0%C2%BB_0-1._2_%D0%BB%D0%B8%D1%81%D1%82%D0%BE%D0%BF%D0%B0%D0%B4%D0%B0_2021_%D1%80%D0%BE%D0%BA%D1%83_%E2%80%94_1289339_(cropped).jpg
85518537	85518537.webp	Carlos Alcaraz	Like tears in rain derivative work: Kacir	CC BY-SA 4.0	https://commons.wikimedia.org/wiki/File:Carlos_Alcaraz_Roland_Garros_2025_(cropped).jpg
96072055	96072055.webp	Jamal Musiala	Bryan Berlin	CC BY-SA 4.0	https://commons.wikimedia.org/wiki/File:Jamal_Musiala_Ecuador_v_Germany_25_June_2026-174_(cropped).jpg
99760796	99760796.webp	Cole Palmer	The White House	Public domain	https://commons.wikimedia.org/wiki/File:Cole_Palmer_2025_FIFA_Club_World_Cup_Final.jpg
108111889	108111889.webp	Gavi	Bryan Berlin	CC BY-SA 4.0	https://commons.wikimedia.org/wiki/File:Gavi_France_v_Spain_7.24.26-275_(cropped).jpg
108153171	108153171.webp	Joao Grimaldo	Chalisimo5	CC0	https://commons.wikimedia.org/wiki/File:Joao_Grimaldo.jpg
108159340	108159340.webp	Αrda Güler	LawEnthusiast	CC BY-SA 4.0	https://commons.wikimedia.org/wiki/File:Arda_G%C3%BCler_2025_(cropped).jpg
113704154	113704154.webp	Lamine Yamal	Bryan Berlin	CC BY-SA 4.0	https://commons.wikimedia.org/wiki/File:Lamine_Yamal_Argentina_v_Spain_19_July_2026-214_(cropped).jpg
