# InSight catalogue art credits — GENERATED by scripts/build-catalog-art.mjs videogames, do not edit.
# One row per image under web/catalog-art/videogames/:
# key<TAB>file<TAB>name<TAB>author<TAB>licence<TAB>source
# The key is the catalogue key (public/videogames.txt); the file is what
# hosting serves; author and licence are what the licence requires shown
# beside the picture, which the app's credits sheet draws from this file.
# A takedown is `node scripts/build-catalog-art.mjs videogames --remove <key>` (D420).
# 632 entries.
5766	5766.webp	VVVVVV (2010)	Terry Cavanagh	CC BY-SA 3.0	https://commons.wikimedia.org/wiki/File:VVVVVV_-_The_Tomb_of_Mad_Carew.png
11168	11168.webp	Super Mario Bros. (1985)	Nintendo	Public domain	https://commons.wikimedia.org/wiki/File:Super_Mario_Bros._Logo.svg
12384	12384.webp	Donkey Kong (1981)	Joshua Driggs (ZapWizard) (take photo), bayo (remove the background)	CC BY-SA 2.0	https://commons.wikimedia.org/wiki/File:Donkey_Kong_arcade.jpg
12395	12395.webp	The Legend of Zelda (1986)	Dave or Atox	CC BY 2.0	https://commons.wikimedia.org/wiki/File:The_Legend_of_Zelda_-_Golden_Catridge.jpg
18951	18951.webp	Half-Life 2: Episode One (2006)	Unknown authorUnknown author	Public domain	https://commons.wikimedia.org/wiki/File:Half-Life_Episode_1_Logo_inverted.png
22986	22986.webp	Amnesia: The Dark Descent (2010)	Frictional Games	Public domain	https://commons.wikimedia.org/wiki/File:Amnesia_The_Dark_Descent_Logo.png
31560	31560.webp	Forza Motorsport 4 (2011)	The Conmunity - Pop Culture Geek from Los Angeles, CA, USA	CC BY 2.0	https://commons.wikimedia.org/wiki/File:E3_2011_-_Forza_Motorsport_4_(Xbox)_(5822123385).jpg
34852	34852.webp	Age of Empires II: The Age of Kings (1999)	Ensemble Studios	Public domain	https://commons.wikimedia.org/wiki/File:Age_of_Empires_2_Logo.svg
34869	34869.webp	Age of Empires III (2005)	Ensemble Studios	Public domain	https://commons.wikimedia.org/wiki/File:Age_of_Empires_III_logo.gif
35627	35627.webp	Sonic the Hedgehog 2 (1992)	Eric Liu	Public domain	https://commons.wikimedia.org/wiki/File:Sonic_2_logo.png
37123	37123.webp	Sonic the Hedgehog (1991)	Sega / Sonic Team	Public domain	https://commons.wikimedia.org/wiki/File:Sonic_the_Hedgehog_1991_logo.webp
40166	40166.webp	Assassin's Creed III (2012)	Tim Bartel from Cologne, Germany	CC BY-SA 2.0	https://commons.wikimedia.org/wiki/File:Assassin's_Creed_III_(7788130114).jpg
44373	44373.webp	Nintendo Land (2012)	wiiu-spiele.com	CC BY-SA 2.0	https://commons.wikimedia.org/wiki/File:Animal_Crossing_-_Sweet_Day.jpg
45028	45028.webp	Halo 4 (2012)	Xbox MENA	CC BY 3.0	https://commons.wikimedia.org/wiki/File:Halo_4_gameplay.jpg
49607	49607.webp	The Elder Scrolls IV: Oblivion (2006)	Free for personal use	Public domain	https://commons.wikimedia.org/wiki/File:Oblivionlogo.png
49740	49740.webp	Minecraft (2011)	Microsoft	CC BY 3.0	https://commons.wikimedia.org/wiki/File:Minecraft_Alex_and_fauna.png
54865	54865.webp	Star Wars: Battlefront II (2005)	LucasArt	Public domain	https://commons.wikimedia.org/wiki/File:Logo_Star_Wars_Battlefront_II.jpg
55295	55295.webp	Star Wars Jedi Knight: Jedi Academy (2003)	LucasArts, Raven Software	Public domain	https://commons.wikimedia.org/wiki/File:Logo_Jedi_Knight_Jedi_Academy.png
55532	55532.webp	1942 (1984)	USAF	Public domain	https://commons.wikimedia.org/wiki/File:P-38_2.jpg
57270	57270.webp	BioShock (2007)	2K Games	Public domain	https://commons.wikimedia.org/wiki/File:BioShock-Logo.svg
60102	60102.webp	Fallout (1997)	Bethesda Softworks, LLC	Public domain	https://commons.wikimedia.org/wiki/File:Fallout_logo.svg
63352	63352.webp	Ingress (2012)	Niantic Labs	Public domain	https://commons.wikimedia.org/wiki/File:Ingress_Logo_vector.svg
71936	71936.webp	Wii Sports (2006)	david murphy from Helsinki, Finland	CC BY-SA 2.0	https://commons.wikimedia.org/wiki/File:Duo_playing_Wii_Sports.jpg
74401	74401.webp	Indiana Jones and the Fate of Atlantis (1992)	LucasArts	Public domain	https://commons.wikimedia.org/wiki/File:Indiana_Jones_and_the_Fate_of_Atlantis.svg
76255	76255.webp	Call of Duty 4: Modern Warfare (2007)	Activision; Ja_nobasu (autor de la subida del archivo)	Public domain	https://commons.wikimedia.org/wiki/File:Call_of_Duty_4_Modern_Warfare_Logo.jpg
76868	76868.webp	Assassin's Creed III: Liberation (2012)	™/®Ubisoft Entertainment SA	Public domain	https://commons.wikimedia.org/wiki/File:Textlogo_Assassin%E2%80%99s_Creed_III_Liberation.svg
83265	83265.webp	Grand Theft Auto: San Andreas (2004)	Rockstar Games / Take-Two Interactive	Public domain	https://commons.wikimedia.org/wiki/File:Grand_Theft_Auto_San_Andreas_logo.svg
83843	83843.webp	Forza Horizon (2012)	Forza Horizon	Public domain	https://commons.wikimedia.org/wiki/File:Forza_Horizon_logo.svg
88759	88759.webp	Bubble Bobble (1986)	Alan Bruce	CC BY 2.0	https://commons.wikimedia.org/wiki/File:Bubble_Bobble_arcade_machine.jpg
94460	94460.webp	Grand Theft Auto 2 (1999)	™/® Rockstar Games	Public domain	https://commons.wikimedia.org/wiki/File:Grand_Theft_Auto_2_logo.svg
94640	94640.webp	Grand Theft Auto: Vice City Stories (2006)	YHSJKSLALDJH	Public domain	https://commons.wikimedia.org/wiki/File:Grand_Theft_Auto_Vice_City_Stories_(VCS)_logo.png
94671	94671.webp	Grand Theft Auto: Vice City (2002)	Rockstar Games	Public domain	https://commons.wikimedia.org/wiki/File:Grand_Theft_Auto_Vice_City_logo.svg
94778	94778.webp	Grand Theft Auto: Liberty City Stories (2005)	Cian Ginty	Attribution	https://commons.wikimedia.org/wiki/File:Rockstar_Games_buses_at_E3_2005.jpg
94797	94797.webp	Grand Theft Auto IV (2008)	Rockstar जतना छ	Public domain	https://commons.wikimedia.org/wiki/File:GTA_IV_logo.svg
94871	94871.webp	Grand Theft Auto: Chinatown Wars (2009)	Gary Stevens	CC BY 2.0	https://commons.wikimedia.org/wiki/File:Grand_Theft_Auto%2C_NY_Chinatown.jpg
106827	106827.webp	Second Life (2003)	HyacintheLuynes	CC BY-SA 3.0	https://commons.wikimedia.org/wiki/File:Second_Life_11th_Birthday_Live_Drax_Files_Radio_Hour.jpg
110607	110607.webp	Clannad (2004)	™/®Clannad Project	Public domain	https://commons.wikimedia.org/wiki/File:Clannad_Logo.svg
116578	116578.webp	Guitar Hero (2005)	Harmonix Music Systems	Public domain	https://commons.wikimedia.org/wiki/File:Guitar_hero_logo.png
129000	129000.webp	Banjo-Kazooie (1998)	Microsoft Corporation	Public domain	https://commons.wikimedia.org/wiki/File:Banjo_Kazooie_logo.png
129277	129277.webp	Hitman: Absolution (2012)	Square Enix	Public domain	https://commons.wikimedia.org/wiki/File:Hitman_Absolution_logo.png
137802	137802.webp	Halo 3 (2007)	™/®Bungie; Microsoft Game Studios	Public domain	https://commons.wikimedia.org/wiki/File:Halo_3_Logo.svg
137924	137924.webp	FIFA 12 (2011)	FIFA 12 (uploaded by eragonjkee)	Public domain	https://commons.wikimedia.org/wiki/File:FIFA_12_logo_official_(SGDB_2926).png
149106	149106.webp	Grand Theft Auto III (2001)	Rockstar Games / Take-Two Interactive	Public domain	https://commons.wikimedia.org/wiki/File:Grand_Theft_Auto_III_logo.svg
149998	149998.webp	Paper Mario (2000)	Bryan Ochala	CC BY-SA 2.0	https://commons.wikimedia.org/wiki/File:Nintendo_64_with_Paper_Mario.jpg
150294	150294.webp	Mortal Kombat (1992)	Midway Games	CC BY 4.0	https://commons.wikimedia.org/wiki/File:MortalKombat1992LegacyScreenshot.png
161234	161234.webp	0 A.D. (2021)	PantheraLeo1359531/Wildfire Games	CC BY-SA 4.0	https://commons.wikimedia.org/wiki/File:0_A.D._Seleukiden-Stadt_Ken_Wood_23.png
163628	163628.webp	Counter-Strike (2000)	GeMet	Public domain	https://commons.wikimedia.org/wiki/File:Counter-Strike.svg
165929	165929.webp	StarCraft (1998)	dronepicr	CC BY 2.0	https://commons.wikimedia.org/wiki/File:Starcraft_Gamescom_2017_(36851382835).jpg
166226	166226.webp	Beyond: Two Souls (2013)	Quantic Dream	CC BY-SA 4.0	https://commons.wikimedia.org/wiki/File:Beyond_Two_Souls.png
170410	170410.webp	New Super Mario Bros. Wii (2009)	Nintendo	Public domain	https://commons.wikimedia.org/wiki/File:New_Super_Mario_Bros._Wii_logo.svg
170489	170489.webp	Super Mario Galaxy (2007)	Rαge	Public domain	https://commons.wikimedia.org/wiki/File:Mario_galaxy2.svg
173626	173626.webp	Pac-Man (1980)	Bandai Namco Entertainment America	CC BY 3.0	https://commons.wikimedia.org/wiki/File:Pac-Man_gameplay_(1x_pixel-perfect_recreation).png
176336	176336.webp	Far Cry 2 (2008)	™/®Ubisoft	Public domain	https://commons.wikimedia.org/wiki/File:Far_Cry_2_-_Logo.svg
179247	179247.webp	The Secret of Monkey Island (1990)	Lucas Arts	Public domain	https://commons.wikimedia.org/wiki/File:Thesecretofmonkeyisland-logo.svg
182771	182771.webp	The Sims 2 (2004)	Unknown authorUnknown author	Public domain	https://commons.wikimedia.org/wiki/File:The_Sims_2_logo_(2024).png
185482	185482.webp	The Sims 3 (2009)	Sssine21	CC0	https://commons.wikimedia.org/wiki/File:The_Sims_3_logo_(flat_and_black_version).png
187339	187339.webp	Zelda II: The Adventure of Link (1987)	WikiPhoenix	Public domain	https://commons.wikimedia.org/wiki/File:Zelda_II_-_The_Adventure_of_Link.svg
189784	189784.webp	Doom (1993)	Bethesda, Copyright Microsoft	CC BY 3.0	https://commons.wikimedia.org/wiki/File:Doom_classic_box_art.png
193581	193581.webp	Half-Life 2 (2004)	Valve	Public domain	https://commons.wikimedia.org/wiki/File:Half-Life_2_text_logo.svg
200864	200864.webp	Assassin's Creed (2007)	Original image: Ubisoft. SVG version: Angelus	Public domain	https://commons.wikimedia.org/wiki/File:Assassin's_Creed_logo.svg
204105	204105.webp	Dig Dug (1982)	Unknown authorUnknown author	CC BY 3.0	https://commons.wikimedia.org/wiki/File:Dig_Dug_(Taizo_Hori)_and_Pooka_characters.png
206653	206653.webp	Battlefield 2 (2005)	Dice	Public domain	https://commons.wikimedia.org/wiki/File:Battlefield_2_logo.jpg
207786	207786.webp	Tamagotchi (1996)	Tomasz Sienicki [user: tsca, mail: tomasz.sienicki at gmail.com]	CC BY-SA 3.0	https://commons.wikimedia.org/wiki/File:Tamagotchi_0124_ubt.jpeg
207986	207986.webp	Call of Duty: Black Ops (2010)	™/®Treyarch	Public domain	https://commons.wikimedia.org/wiki/File:Call_of_Duty_Black_Ops_logo.svg
210275	210275.webp	Destiny (2014)	Activision	Public domain	https://commons.wikimedia.org/wiki/File:Destiny_Logo.png
210844	210844.webp	Spore (2008)	Barry Mulling from Los Angeles, USA	CC BY-SA 2.0	https://commons.wikimedia.org/wiki/File:E3_2006_(144314759).jpg
211229	211229.webp	Black Mesa (2020)	צוות פיתוח Black Mesa וValve (חלק מהלוגו של Source)	Public domain	https://commons.wikimedia.org/wiki/File:Black-mesa-logo.png
211735	211735.webp	Assassin's Creed II (2009)	Reindertot	CC BY 2.0	https://commons.wikimedia.org/wiki/File:Assassin's_Creed_II_by_Reindertot.jpg
213217	213217.webp	Mafia (2002)	Unknown authorUnknown author	Public domain	https://commons.wikimedia.org/wiki/File:Logo_Mafia.svg
213911	213911.webp	The Legend of Zelda: Ocarina of Time (1998)	WikiPhoenix	Public domain	https://commons.wikimedia.org/wiki/File:The_Legend_of_Zelda_Ocarina_of_Time.svg
214232	214232.webp	Final Fantasy VII (1997)	™/®Square Enix Co. Ltd	Public domain	https://commons.wikimedia.org/wiki/File:Final_Fantasy_VII_wordmark.svg
216293	216293.webp	Pong (1972)	Chris Rand	CC BY-SA 3.0	https://commons.wikimedia.org/wiki/File:Signed_Pong_Cabinet.jpg
216995	216995.webp	Super Mario 64 (1996)	Nintendo	Public domain	https://commons.wikimedia.org/wiki/File:Super_Mario_64_logo.png
217423	217423.webp	Quake (1996)	Xbox México	CC BY 3.0	https://commons.wikimedia.org/wiki/File:Quake_cover.png
219743	219743.webp	OGame (2002)	Gameforge	Public domain	https://commons.wikimedia.org/wiki/File:OGame_logo.png
219795	219795.webp	Need for Speed: Carbon (2006)	Electronic Arts	Public domain	https://commons.wikimedia.org/wiki/File:Logo_Need_for_Speed_Carbon_simple.svg
220365	220365.webp	Need for Speed: Most Wanted (2005)	Ngaleano134	CC BY-SA 3.0	https://commons.wikimedia.org/wiki/File:Need_for_speed.jpg
220665	220665.webp	Space Invaders (1978)	Jordiferrer	CC BY-SA 3.0	https://commons.wikimedia.org/wiki/File:Space_Invaders_-_Midway's.JPG
220767	220767.webp	Age of Empires (1997)	Ensemble Studios	Public domain	https://commons.wikimedia.org/wiki/File:Age_of_Empires_franchise_logo.png
220965	220965.webp	Heroes of Might and Magic III: The Restoration of Erathia (1999)	new world computing	Public domain	https://commons.wikimedia.org/wiki/File:Homm3-logo.svg
221164	221164.webp	Fallout 3 (2008)	Xbox México	CC BY 3.0	https://commons.wikimedia.org/wiki/File:Fallout_3_cover_(cropped).png
223341	223341.webp	League of Legends (2009)	Riot Games (Q1060165)	Public domain	https://commons.wikimedia.org/wiki/File:League_of_Legends_2019_vector.svg
223381	223381.webp	Final Fantasy X (2001)	Manuelt15	Public domain	https://commons.wikimedia.org/wiki/File:Final_Fantasy_X_wordmark.png
223629	223629.webp	Half-Life 2: Lost Coast (2005)	Unknown authorUnknown author	Public domain	https://commons.wikimedia.org/wiki/File:Half-Life_2_Lost_Coast_Logo.png
225912	225912.webp	Kingdom Hearts (2002)	0 Noctis 0	Public domain	https://commons.wikimedia.org/wiki/File:Kingdom_Hearts_wordmark_the_first_game_of_the_series.png
237484	237484.webp	Crysis (2007)	Unknown authorUnknown author	Public domain	https://commons.wikimedia.org/wiki/File:Crysis_Logo.svg
245006	245006.webp	Final Fantasy VIII (1999)	Manuelt15	Public domain	https://commons.wikimedia.org/wiki/File:Final_Fantasy_VIII_wordmark.png
247210	247210.webp	Need for Speed: Underground (2003)	Electronic Arts	Public domain	https://commons.wikimedia.org/wiki/File:NFSU.svg
247935	247935.webp	Metal Gear Solid 3: Snake Eater (2004)	Konami	Public domain	https://commons.wikimedia.org/wiki/File:Metal_Gear_Solid_3_logo.png
248810	248810.webp	Dwarf Fortress (2006)	DF worldmap generator	Public domain	https://commons.wikimedia.org/wiki/File:Dwarf_Fortress_-_mapa_%C5%9Bwiata.png
252804	252804.webp	Halo 2 (2004)	Unknown authorUnknown author	Public domain	https://commons.wikimedia.org/wiki/File:Halo2_blackbg_logo.jpg
257469	257469.webp	Another World (1991)	Android 19	Public domain	https://commons.wikimedia.org/wiki/File:Another_World_vector.png
271062	271062.webp	Age of Mythology (2002)	Unknown authorUnknown author	Public domain	https://commons.wikimedia.org/wiki/File:Age_of_Mythology_promotional_logo.jpg
274897	274897.webp	Portal (2007)	Valve	Public domain	https://commons.wikimedia.org/wiki/File:Portal_Logo.svg
275950	275950.webp	Resident Evil 4 (2005)	Capcom France	CC BY 3.0	https://commons.wikimedia.org/wiki/File:Resident_Evil_4_-_Quick_time_event.jpg
275960	275960.webp	Mass Effect (2007)	BioWare	Public domain	https://commons.wikimedia.org/wiki/File:Mass_Effect_logo.png
276217	276217.webp	Halo: Combat Evolved (2001)	Microsoft Studios	Public domain	https://commons.wikimedia.org/wiki/File:Halo_Combat_Evolved.png
279446	279446.webp	Portal 2 (2011)	Michael Myers from Arlington, VA, USA	CC BY 2.0	https://commons.wikimedia.org/wiki/File:Portal_2_pax_prime_2010.jpg
279744	279744.webp	Half-Life (1998)	Valve	Public domain	https://commons.wikimedia.org/wiki/File:Half-Life_1_logo.png
281246	281246.webp	Need for Speed: The Run (2011)	Unknown authorUnknown author	Public domain	https://commons.wikimedia.org/wiki/File:NFS_The_Run_Logo.png
283878	283878.webp	Halo: Reach (2010)	™/®Microsoft	Public domain	https://commons.wikimedia.org/wiki/File:Halo_Reach.svg
287637	287637.webp	The Witcher (2007)	CD Projekt RED	Public domain	https://commons.wikimedia.org/wiki/File:Wiedzmin_logo.png
288811	288811.webp	Batman: Arkham City (2011)	Rocksteady Studios	Public domain	https://commons.wikimedia.org/wiki/File:Batman_-_Arkham_City_logo.png
296744	296744.webp	ARMA 2 (2009)	Bohemia Interactive Studio (BIS)	Public domain	https://commons.wikimedia.org/wiki/File:ArmA_II_Logo.png
307441	307441.webp	osu! (2007)	Original: Dean Herbert Vector: FugerCh100	Public domain	https://commons.wikimedia.org/wiki/File:Osu!_Logo_2016.svg
323264	323264.webp	Dishonored (2012)	Arkhane Studios	Public domain	https://commons.wikimedia.org/wiki/File:Dishonored_logo.png
327594	327594.webp	Final Fantasy XII (2006)	Manuelt15	Public domain	https://commons.wikimedia.org/wiki/File:Final_Fantasy_XII_wordmark.png
336177	336177.webp	EVE Online (2003)	unknown author	CC BY-SA 3.0	https://commons.wikimedia.org/wiki/File:EVE_Online_-_Caldari_Freighters.jpg
337865	337865.webp	Far Cry (2004)	Mike "Gumby" Anderson	Public domain	https://commons.wikimedia.org/wiki/File:FarCry_Logo.svg
349375	349375.webp	Fortnite (2017)	Epic Games	Public domain	https://commons.wikimedia.org/wiki/File:FortniteLogo.svg
349413	349413.webp	Homefront (2011)	Pop Culture Geek	CC BY 2.0	https://commons.wikimedia.org/wiki/File:E3_2010_Homefront_booth.jpg
368286	368286.webp	Civilization (1991)	MicroProse	Public domain	https://commons.wikimedia.org/wiki/File:Civ1_logo_v1.svg
370055	370055.webp	The Legend of Zelda: A Link to the Past (1991)	Kigsz	Public domain	https://commons.wikimedia.org/wiki/File:The_Legend_of_Zelda_A_Link_to_the_Past.png
379128	379128.webp	Plants vs. Zombies (2009)	Own work	Public domain	https://commons.wikimedia.org/wiki/File:Plantas_contra_Zombis.svg
379904	379904.webp	Colossal Cave Adventure (1976)	Celcom at English Wikipedia	CC BY-SA 3.0	https://commons.wikimedia.org/wiki/File:You_are_standing.jpg
380918	380918.webp	Call of Duty: Black Ops II (2012)	™/®Treyarch	Public domain	https://commons.wikimedia.org/wiki/File:Call_of_Duty_Black_Ops_2_Logo.svg
382108	382108.webp	Team Fortress 2 (2007)	Valve Software	Public domain	https://commons.wikimedia.org/wiki/File:Team-Fortress-2-logo.png
384055	384055.webp	Microsoft Train Simulator (2001)	™/®Microsoft	Public domain	https://commons.wikimedia.org/wiki/File:Microsoft_Train_Simulator_logo.svg
385184	385184.webp	Ōkami (2006)	various	Public domain	https://commons.wikimedia.org/wiki/File:Okami_logo_black.svg
390223	390223.webp	Club Penguin (2005)	Disney Canada Inc.	Public domain	https://commons.wikimedia.org/wiki/File:Club_Penguin_Logo_2012_-_2017.png
390595	390595.webp	Final Fantasy XIII (2009)	Manuelt15	Public domain	https://commons.wikimedia.org/wiki/File:Final_Fantasy_XIII_wordmark.png
426939	426939.webp	FIFA 11 (2010)	FIFA 11 (uploaded by Krissmed)	Public domain	https://commons.wikimedia.org/wiki/File:FIFA_11_logo_official_(SGDB_13615).png
427337	427337.webp	FIFA 97 (1996)	FIFA 97 (uploaded by Arikado1476)	Public domain	https://commons.wikimedia.org/wiki/File:FIFA_97_logo_official_(SGDB_90341).png
471974	471974.webp	Need for Speed: Undercover (2008)	Sergey Galyonkin from Raleigh, USA	CC BY-SA 2.0	https://commons.wikimedia.org/wiki/File:Igromir_2008_(3012936938).jpg
474573	474573.webp	Final Fantasy IX (2000)	Manuelt15	Public domain	https://commons.wikimedia.org/wiki/File:Final_Fantasy_IX_wordmark.png
474798	474798.webp	The Legend of Zelda: The Minish Cap (2004)	Kigsz	Public domain	https://commons.wikimedia.org/wiki/File:The_Legend_of_Zelda_The_Minish_Cap.png
475628	475628.webp	Ragnarok Online (2002)	http://iro.ragnarokonline.com/	Public domain	https://commons.wikimedia.org/wiki/File:RO_icon_file.png
482494	482494.webp	Steins;Gate (2009)	Chiyomaru Shikura	Public domain	https://commons.wikimedia.org/wiki/File:Steins%3BGate.svg
484907	484907.webp	Guild Wars 2 (2012)	™/®ArenaNet	Public domain	https://commons.wikimedia.org/wiki/File:Guild_Wars_2_Logo_Text.svg
486233	486233.webp	Call of Duty: Modern Warfare 3 (2011)	Activision, Infinity Ward / House (autor de la subida del archivo)	Public domain	https://commons.wikimedia.org/wiki/File:ModernWarfare3Logo.svg
486351	486351.webp	Call of Duty: Modern Warfare 2 (2009)	Activision	Public domain	https://commons.wikimedia.org/wiki/File:Modern_Warfare_2_Logo.jpg
513867	513867.webp	Doom (2016)	Xbox México	CC BY 3.0	https://commons.wikimedia.org/wiki/File:Doom_2016_cover.png
518987	518987.webp	Donkey Kong Country (1994)	Nintendo / Rare	Public domain	https://commons.wikimedia.org/wiki/File:Donkey_Kong_Country_Logo.webp
522508	522508.webp	Super Paper Mario (2007)	Nintendo (original logo), Dexxor (vectorization)	Public domain	https://commons.wikimedia.org/wiki/File:Super_Paper_Mario_logo_simplified.svg
524267	524267.webp	Frogger (1981)	Ian Muttoo from Mississauga, Canada	CC BY-SA 2.0	https://commons.wikimedia.org/wiki/File:Vglfrogger.jpg
526350	526350.webp	Mirror's Edge (2008)	EA DICE	Public domain	https://commons.wikimedia.org/wiki/File:MirrorsEdgeLogo.svg
528128	528128.webp	Killzone 3 (2011)	Guerrilla Games, Sony Computer Entertainment	Public domain	https://commons.wikimedia.org/wiki/File:Killzone_3_logo.jpeg
532912	532912.webp	Heroes of Might and Magic II: The Succession Wars (1996)	3DO / UBISOFT	Public domain	https://commons.wikimedia.org/wiki/File:Homm2_logo.png
535940	535940.webp	Final Fantasy VI (1994)	Squaresoft	Public domain	https://commons.wikimedia.org/wiki/File:Final_Fantasy_III_intro_screen.png
538821	538821.webp	Crysis 3 (2013)	™/®Crytek	Public domain	https://commons.wikimedia.org/wiki/File:Crysis_3_logo_vec.svg
548203	548203.webp	Red Dead Redemption (2010)	™/®Rockstar Games	Public domain	https://commons.wikimedia.org/wiki/File:Red-Dead-Redemption-Logo.svg
553308	553308.webp	Half-Life 2: Episode Two (2007)	Unknown authorUnknown author	Public domain	https://commons.wikimedia.org/wiki/File:Half-Life_Episode_2_Logo_black.png
558621	558621.webp	New Super Mario Bros. 2 (2012)	Bjarkan	Public domain	https://commons.wikimedia.org/wiki/File:New_Super_Mario_Bros._2_logo.svg
568609	568609.webp	Persona 4 (2008)	™/®Atlus	Public domain	https://commons.wikimedia.org/wiki/File:Persona_4_logo.svg
569624	569624.webp	MapleStory (2003)	Nexon	Public domain	https://commons.wikimedia.org/wiki/File:MapleStory.svg
579708	579708.webp	Sonic the Hedgehog CD (1993)	Sega / Sonic Team	Public domain	https://commons.wikimedia.org/wiki/File:Sonic_CD_logo.webp
580202	580202.webp	Syberia (2002)	Anuman Interactive	CC BY-SA 3.0	https://commons.wikimedia.org/wiki/File:Syberia_02_-_Oscar.jpg
580667	580667.webp	Tomb Raider: Anniversary (2007)	tomb raider anniversary	Public domain	https://commons.wikimedia.org/wiki/File:Tombraideranniversary-logo.svg
583301	583301.webp	FIFA 10 (2009)	Electronic Arts SVG selbst erstellt	Public domain	https://commons.wikimedia.org/wiki/File:FIFA_10_logo.svg
588710	588710.webp	Theme Hospital (1997)	Unknown authorUnknown author	Public domain	https://commons.wikimedia.org/wiki/File:ThemeHospital.jpg
589359	589359.webp	Tekken 2 (1995)	Tekken 2 by Namco	Public domain	https://commons.wikimedia.org/wiki/File:Tekken_2_logo.jpg
590342	590342.webp	World of Tanks (2010)	The Conmunity - Pop Culture Geek from Los Angeles, CA, USA	CC BY 2.0	https://commons.wikimedia.org/wiki/File:E3_2011_-_World_of_Tanks_booth_(Wargaming.net)_(5822683674).jpg
590836	590836.webp	Temple Run (2011)	FreeMediaKid!	CC BY-SA 4.0	https://commons.wikimedia.org/wiki/File:Temple_Run_Arcade_game_in_progress.jpg
592507	592507.webp	Grim Fandango (1998)	Lucas Arts SVG neu erstellt	Public domain	https://commons.wikimedia.org/wiki/File:Grim_Fandango_Logo.svg
596392	596392.webp	Super Mario Land 2: 6 Golden Coins (1992)	Nintendo	Public domain	https://commons.wikimedia.org/wiki/File:Super_mario_land_2_logo.svg
596631	596631.webp	Dune II (1992)	Unknown authorUnknown author	Public domain	https://commons.wikimedia.org/wiki/File:Frank_Herbert's_Dune_logo.png
610968	610968.webp	Mario Bros. (1984)	Nick S.	CC BY-SA 4.0	https://commons.wikimedia.org/wiki/File:Mario_Bros._cabinet_at_PAX_East_2014.png
613088	613088.webp	Pro Evolution Soccer 2010 (2009)	KONAMI	Public domain	https://commons.wikimedia.org/wiki/File:Pes_2010_logo_(2).png
613124	613124.webp	Silent Hill 4: The Room (2004)	Unknown authorUnknown author	Public domain	https://commons.wikimedia.org/wiki/File:Silent_hill_4_logo.jpg
618266	618266.webp	Payday: The Heist (2011)	The Conmunity - Pop Culture Geek from Los Angeles, CA, USA	CC BY 2.0	https://commons.wikimedia.org/wiki/File:E3_2011_-_Payday-_the_Heist_(Sony_Online_Entertainment)_(5822673068).jpg
619427	619427.webp	Injustice: Gods Among Us (2013)	NetherRealm Studios, Warner Bros. Interactive Entertainment	Public domain	https://commons.wikimedia.org/wiki/File:Injustice-logo.png
622336	622336.webp	Resident Evil (2002)	901aaaaa	Public domain	https://commons.wikimedia.org/wiki/File:Resident_Evil_Remake_logo.png
626802	626802.webp	Kingdom Hearts II (2005)	0 Noctis 0	Public domain	https://commons.wikimedia.org/wiki/File:Kingdom_Hearts_wordmark_the_second_game_of_the_series.png
627877	627877.webp	Unreal Tournament (1999)	Christiano Betta	CC BY 2.0	https://commons.wikimedia.org/wiki/File:Unreal_Tournament_PS2.jpg
629626	629626.webp	Medieval II: Total War (2006)	Creative Assembly	Public domain	https://commons.wikimedia.org/wiki/File:Medieval_2_Total_War-Logo.png
631331	631331.webp	Super Mario Bros.: The Lost Levels (1986)	Nintendo	Public domain	https://commons.wikimedia.org/wiki/File:Mario_Lost_Levels_All-Stars_logo.png
633011	633011.webp	Final Fantasy X-2 (2003)	Manuelt15	Public domain	https://commons.wikimedia.org/wiki/File:Final_Fantasy_X-2_wordmark.png
633461	633461.webp	FIFA Soccer 96 (1995)	FIFA Soccer 96 (uploaded by Arikado1476)	Public domain	https://commons.wikimedia.org/wiki/File:FIFA_Soccer_96_logo_official_(SGDB_90349).png
636012	636012.webp	Europa Universalis III (2007)	Ranveig	CC BY-SA 4.0	https://commons.wikimedia.org/wiki/File:Europa_Universalis_3.png
639619	639619.webp	Super Mario Bros. 3 (1988)	Nintendo	Public domain	https://commons.wikimedia.org/wiki/File:Super_Mario_Bros._3_text_logo.svg
639955	639955.webp	Super Mario Sunshine (2002)	Anidae	CC0	https://commons.wikimedia.org/wiki/File:Super_Mario_Sunshine_logo.svg
641684	641684.webp	Heroes of Might and Magic IV (2002)	3DO / UBISOFT	Public domain	https://commons.wikimedia.org/wiki/File:Heroes_might_magic_iv_logo.png
641697	641697.webp	Red Dead Revolver (2004)	Rockstar Games	Public domain	https://commons.wikimedia.org/wiki/File:Reddeadrevolverlogo.jpg
642107	642107.webp	Deus Ex: Human Revolution (2011)	Eidos Montreal	Public domain	https://commons.wikimedia.org/wiki/File:Deus_Ex_human_revolution_logo.jpg
642359	642359.webp	Tomb Raider: Chronicles (2000)	The original uploader was Bloody-libu at French Wikipedia.	Public domain	https://commons.wikimedia.org/wiki/File:Tomb_Raider_-_Chronicles.svg
647249	647249.webp	Super Mario Land (1989)	Vektorisierung: Lastblood 20:18, 22. Dez. 2010 (CET)	Public domain	https://commons.wikimedia.org/wiki/File:Supermarioland-Logo.svg
647855	647855.webp	Heavy Rain (2010)	Quantic Dream, Sony Computer Entertainment / Ja_nobasu (autor de la subida del archivo)	Public domain	https://commons.wikimedia.org/wiki/File:Heavy_Rain_blacklogo.jpg
648099	648099.webp	Grand Theft Auto Advance (2004)	derivative work: Dha (talk) Image:Gta_advance_cartridge_by_zeartul.jpg: User:Zeartul	Public domain	https://commons.wikimedia.org/wiki/File:Grand_Theft_Auto_Advance.png
650025	650025.webp	Aliens: Colonial Marines (2013)	Sega	Public domain	https://commons.wikimedia.org/wiki/File:Aliens_colonial_marines_logo.png
651591	651591.webp	Transport Tycoon (1994)	Terabass	CC BY-SA 3.0	https://commons.wikimedia.org/wiki/File:Openttd_transport_tycoon-terabass.jpg
657710	657710.webp	The Legend of Zelda: Phantom Hourglass (2007)	Unknown authorUnknown author	Public domain	https://commons.wikimedia.org/wiki/File:Wordmark_Zelda_Phantom_Hourglass.svg
663583	663583.webp	Baldur's Gate (1998)	Interplay/Bioware	Public domain	https://commons.wikimedia.org/wiki/File:Baldurs_Gate_stacked_logo_circa_Enhanced_Edition.png
663665	663665.webp	Need for Speed: ProStreet (2007)	Firmenname	Public domain	https://commons.wikimedia.org/wiki/File:NFS_Prostreet_V1.svg
671152	671152.webp	Crysis 2 (2011)	SamBrowning	Public domain	https://commons.wikimedia.org/wiki/File:Crysis_2_logo.png
676123	676123.webp	ARMA 3 (2013)	™/®Bohemia Interactive Studio	Public domain	https://commons.wikimedia.org/wiki/File:ArmA_3_Logo_(Black_Transparent)_(SVG).svg
677274	677274.webp	Journey (2012)	thatgamecompany, LLC	Public domain	https://commons.wikimedia.org/wiki/File:Logo_-_Journey.svg
677351	677351.webp	Assassin's Creed: Brotherhood (2010)	™/®Ubisoft	Public domain	https://commons.wikimedia.org/wiki/File:Assassin's_Creed_Brotherhood_logo.svg
678394	678394.webp	Final Fantasy XI (2002)	Manuelt15	Public domain	https://commons.wikimedia.org/wiki/File:Final_Fantasy_XI_wordmark.png
682892	682892.webp	Kanon (1999)	Vectorized by Verdel with Boxy SVG	Public domain	https://commons.wikimedia.org/wiki/File:Kanon_logo.svg
687559	687559.webp	Final Fantasy III (1990)	Manuelt15	Public domain	https://commons.wikimedia.org/wiki/File:Final_Fantasy_III_wordmark.png
692360	692360.webp	Medal of Honor: Allied Assault (2002)	Emberwit	Public domain	https://commons.wikimedia.org/wiki/File:Mohaa_logo.svg
692989	692989.webp	Roblox (2006)	Roblox Corporation	Public domain	https://commons.wikimedia.org/wiki/File:Roblox_Logo_2022.svg
693937	693937.webp	Half-Life: Opposing Force (1999)	Gearbox Software, Valve Corporation	Public domain	https://commons.wikimedia.org/wiki/File:Half-Life_Opposing_Force_Logo.png
715292	715292.webp	Prince of Persia: The Sands of Time (2003)	Daniel Lafranca	Public domain	https://commons.wikimedia.org/wiki/File:Sands_of_Time_PC_2003.jpg
717600	717600.webp	Metal Gear Solid V: The Phantom Pain (2015)	WikiPhoenix	Public domain	https://commons.wikimedia.org/wiki/File:Metal_Gear_Solid_V_-_The_Phantom_Pain.svg
718448	718448.webp	The Elder Scrolls III: Morrowind (2002)	Bethesda Softworks LLC,	Public domain	https://commons.wikimedia.org/wiki/File:The_Elder_Scrolls_III_-_Morrowind_-_Text_Logo.png
719740	719740.webp	FIFA 09 (2008)	FIFA 09 (uploaded by Krissmed)	Public domain	https://commons.wikimedia.org/wiki/File:FIFA_09_logo_official_(SGDB_13604).png
719960	719960.webp	Harry Potter and the Philosopher's Stone (2001)	Cygomezm	CC BY-SA 4.0	https://commons.wikimedia.org/wiki/File:Harry-potter-and-the-sorcerers-stone-logo.svg
725280	725280.webp	FIFA 07 (2006)	FIFA 07 (uploaded by Krissmed)	Public domain	https://commons.wikimedia.org/wiki/File:FIFA_07_logo_official_(SGDB_13590).png
726190	726190.webp	Need for Speed: Underground 2 (2004)	Electronic Arts	Public domain	https://commons.wikimedia.org/wiki/File:NFSU2.svg
728989	728989.webp	Gears of War 2 (2008)	gearsofwar.com	CC BY-SA 4.0	https://commons.wikimedia.org/wiki/File:Gow_2_logo.jpg
731466	731466.webp	OXO (1952)	Unknown authorUnknown author	Public domain	https://commons.wikimedia.org/wiki/File:Oxo.jpg
732943	732943.webp	The Legend of Zelda: Majora's Mask (2000)	WikiPhoenix	Public domain	https://commons.wikimedia.org/wiki/File:The_Legend_of_Zelda_Majora's_Mask.svg
733992	733992.webp	Resident Evil 2 (1998)	Original design by Capcom	Public domain	https://commons.wikimedia.org/wiki/File:Resident_Evil_2_logo.png
735613	735613.webp	The Legend of Zelda: Twilight Princess (2005)	Kigsz	Public domain	https://commons.wikimedia.org/wiki/File:The_Legend_of_Zelda_Twilight_Princess.png
735926	735926.webp	Dragon Age: Origins (2009)	BioWare	Public domain	https://commons.wikimedia.org/wiki/File:Dragon_Age_Pocz%C4%85tek_logo.png
737308	737308.webp	Star Wars: The Old Republic (2011)	LucasArts, Bioware, EA Games	Public domain	https://commons.wikimedia.org/wiki/File:SW-TOR-logo.png
739654	739654.webp	Assassin's Creed: Revelations (2011)	Original image: Ubisoft. SVG version: Angelus	Public domain	https://commons.wikimedia.org/wiki/File:Assassin's_Creed_Revelations_logo.svg
739784	739784.webp	Resident Evil 3: Nemesis (1999)	Unknown authorUnknown author	Public domain	https://commons.wikimedia.org/wiki/File:RE3Logo.png
743920	743920.webp	Habbo (2000)	Sulake Corporation	Public domain	https://commons.wikimedia.org/wiki/File:Habbo-logo.png
746228	746228.webp	Batman: Arkham Asylum (2009)	Rocksteady Studios	Public domain	https://commons.wikimedia.org/wiki/File:Batman_-_Arkham_Asylum_logo.jpg
746351	746351.webp	Command & Conquer: Red Alert 3 (2008)	Electronic Arts	Public domain	https://commons.wikimedia.org/wiki/File:Command_%26_Conquer_Alarmstufe_Rot_3_Der_Aufstand-Logo_en.jpg
747836	747836.webp	Halo Wars (2009)	Unknown authorUnknown author	Public domain	https://commons.wikimedia.org/wiki/File:HaloWars_Logo.png
748317	748317.webp	Return to Castle Wolfenstein (2001)	Gray Matter Interactive, Nerve Software, id Software	Public domain	https://commons.wikimedia.org/wiki/File:RtCW-wordmark.svg
748890	748890.webp	Asteroids (1979)	Coentor	CC BY-SA 3.0	https://commons.wikimedia.org/wiki/File:Del_Tilt_al_Byte_-_8.jpeg
751936	751936.webp	Devil May Cry 4 (2008)	arsenik59fr	Public domain	https://commons.wikimedia.org/wiki/File:Devil-may-cry.png
752835	752835.webp	Silent Hill 2 (2001)	Konami	Public domain	https://commons.wikimedia.org/wiki/File:SILENT_HILL_2_LOGO_(Alt.).svg
753164	753164.webp	Silent Hill (1999)	Usuario: Not Without a Fight (autor de la subida del archivo)	Public domain	https://commons.wikimedia.org/wiki/File:Silent_Hill_1999_ntsc_logo.PNG
753749	753749.webp	Fallout: New Vegas (2010)	Xbox México	CC BY 3.0	https://commons.wikimedia.org/wiki/File:Free_depiction_of_the_Fallout_New_Vegas_Xbox_360_box_art_(cropped).png
755186	755186.webp	Doom II (1994)	id Software (John Cormack, John Romero, Dave Taylor)	Public domain	https://commons.wikimedia.org/wiki/File:Doom_2_(screenshot_of_game-ending_red_window).PNG
761815	761815.webp	Chrono Trigger (1995)	Kigsz	Public domain	https://commons.wikimedia.org/wiki/File:Chrono_Trigger_Logo.png
764069	764069.webp	Duck Hunt (1984)	Hiroji Kiyotake	Public domain	https://commons.wikimedia.org/wiki/File:Nintendo_NES_Duck_Hunt_1985_Logo.png
765103	765103.webp	Europa Universalis II (2001)	Unknown authorUnknown author	Public domain	https://commons.wikimedia.org/wiki/File:Europa_Universalis_II_logo.png
771541	771541.webp	Dota 2 (2013)	Good Will Hunting	CC BY-SA 4.0	https://commons.wikimedia.org/wiki/File:Dota-2-simplified-logo.svg
773395	773395.webp	Gran Turismo 5 (2010)	™/®Polyphony Digital; Sony Interactive Entertainment	Public domain	https://commons.wikimedia.org/wiki/File:Gran_turismo_square_series_logo_(coloured).svg
774773	774773.webp	Donkey Kong 64 (1999)	Nintendo	Public domain	https://commons.wikimedia.org/wiki/File:Donkey_Kong_64_logo.png
782919	782919.webp	Spacewar! (1962)	Joi Ito from Inbamura, Japan	CC BY 2.0	https://commons.wikimedia.org/wiki/File:Spacewar!-PDP-1-20070512.jpg
791444	791444.webp	Battlefield Vietnam (2004)	Zulucho	CC BY-SA 3.0	https://commons.wikimedia.org/wiki/File:Battlefield_Vietnam_logo.jpg
791454	791454.webp	Battlefield 3 (2011)	EA Digital Illusions	Public domain	https://commons.wikimedia.org/wiki/File:Battlefield_3_logo.png
796529	796529.webp	Far Cry 3 (2012)	™/®Ubisoft	Public domain	https://commons.wikimedia.org/wiki/File:Far_Cry_3_-_Logo.svg
796776	796776.webp	Half-Life: Decay (2001)	Unknown authorUnknown author	Public domain	https://commons.wikimedia.org/wiki/File:Half-Life-_Decay_logo.png
804859	804859.webp	Baldur's Gate II: Shadows of Amn (2000)	bioware	Public domain	https://commons.wikimedia.org/wiki/File:Bg2-logo.gif
811024	811024.webp	Battlefield 2142 (2006)	DICE	Public domain	https://commons.wikimedia.org/wiki/File:BF2142_logo_black.svg
817163	817163.webp	F.E.A.R. (2005)	en:Monolith Productions	Public domain	https://commons.wikimedia.org/wiki/File:F.E.A.R._logo.png
817369	817369.webp	God of War (2005)	SCE Santa Monica Studio, Sony Computer Entertainment	Public domain	https://commons.wikimedia.org/wiki/File:God_of_War_Logo.png
820217	820217.webp	Command & Conquer: Generals (2003)	Electronic Arts	Public domain	https://commons.wikimedia.org/wiki/File:Cncgenerals-logo.svg
822849	822849.webp	Bully (2006)	Rockstar Games	Public domain	https://commons.wikimedia.org/wiki/File:Bully-Logo.svg
831796	831796.webp	Half-Life: Blue Shift (2001)	Gearbox Software, Valve Corporation	Public domain	https://commons.wikimedia.org/wiki/File:Half-Life_Blue_Shift_Logo.png
833139	833139.webp	Crisis Core: Final Fantasy VII (2007)	Unknown authorUnknown author	Public domain	https://commons.wikimedia.org/wiki/File:Final_Fantasy_Crisis_Core_logo.png
834872	834872.webp	Crash Team Racing (1999)	Naughty Dog	Public domain	https://commons.wikimedia.org/wiki/File:Crash_Team_Racing_logo.png
836690	836690.webp	The Simpsons: Hit & Run (2003)	Radical Entertainment	Public domain	https://commons.wikimedia.org/wiki/File:The_Simpsons_Hit_%26_Run_logo.png
837338	837338.webp	Silent Hill 3 (2003)	Unknown authorUnknown author	Public domain	https://commons.wikimedia.org/wiki/File:Silent_hill_3_logo.jpg
837581	837581.webp	Europa Universalis (2000)	Unknown authorUnknown author	Public domain	https://commons.wikimedia.org/wiki/File:Europa_Universalis_logo.png
837923	837923.webp	Garry's Mod (2006)	Garry Newman	Public domain	https://commons.wikimedia.org/wiki/File:Garry's_Mod_logo.svg
837931	837931.webp	Need for Speed: Hot Pursuit (2010)	Criterion Games / Electronic Arts	Public domain	https://commons.wikimedia.org/wiki/File:Need-for-speed-HP-logo.svg
838707	838707.webp	Mario Kart Wii (2008)	Unknown authorUnknown author	Public domain	https://commons.wikimedia.org/wiki/File:Mariokartwiilogo.png
839794	839794.webp	Devil May Cry 3: Dante's Awakening (2005)	arsenik59fr	Public domain	https://commons.wikimedia.org/wiki/File:Devil-may-cry.png
840121	840121.webp	Wii Fit (2007)	The original uploader was JayKeaton at English Wikipedia.	CC BY-SA 3.0	https://commons.wikimedia.org/wiki/File:Wiifit.jpg
840167	840167.webp	Star Wars: The Force Unleashed (2008)	Spillik	CC BY-SA 3.0	https://commons.wikimedia.org/wiki/File:SWTFU.png
840889	840889.webp	Devil May Cry (2001)	arsenik59fr	Public domain	https://commons.wikimedia.org/wiki/File:Devil-may-cry.png
841755	841755.webp	Monkey Island 2: LeChuck's Revenge (1991)	Lucas Arts	Public domain	https://commons.wikimedia.org/wiki/File:Monkey_Island_2_Logo.svg
842146	842146.webp	Counter-Strike: Global Offensive (2012)	by GeMet, with help from Sertion.	Public domain	https://commons.wikimedia.org/wiki/File:Counter-Strike_Global_Offensive_(w1024h128%2C_with_padding).svg
842259	842259.webp	FIFA 08 (2007)	Electronic Arts	Public domain	https://commons.wikimedia.org/wiki/File:FIFA_08_wordmark_logo_black-red.png
842591	842591.webp	Need for Speed: World (2010)	Lexor4	CC BY-SA 4.0	https://commons.wikimedia.org/wiki/File:NFS-WORLD.jpg
843205	843205.webp	Kingdom Hearts: Chain of Memories (2004)	0 Noctis 0	Public domain	https://commons.wikimedia.org/wiki/File:Kingdom_Hearts_wordmark_the_first_game_of_the_series.png
843456	843456.webp	Forza Motorsport 3 (2009)	unbekanntMicrosoft Game Studios	Public domain	https://commons.wikimedia.org/wiki/File:Forza_Motorsport_3_Logo.jpg
843486	843486.webp	Mortal Kombat II (1993)	Midway Games	CC BY 4.0	https://commons.wikimedia.org/wiki/File:MortalKombatIIScreenshotLaunchTrailer.png
845290	845290.webp	Civilization II (1996)	MicroProse	Public domain	https://commons.wikimedia.org/wiki/File:Civ2_logo.svg
845645	845645.webp	Day of the Tentacle (1993)	Lucas Arts / Double Fine	Public domain	https://commons.wikimedia.org/wiki/File:Day_of_the_TenTacLe.svg
845695	845695.webp	Gran Turismo 4 (2004)	Sony Computer Entertainment	Public domain	https://commons.wikimedia.org/wiki/File:Gran_Turismo_4_Logo.svg
846051	846051.webp	Shadow of the Colossus (2005)	Team Ico	Public domain	https://commons.wikimedia.org/wiki/File:Shadow_of_the_Colossus_logo.png
846167	846167.webp	Metal Gear Solid 4: Guns of the Patriots (2008)	™/®Konami	Public domain	https://commons.wikimedia.org/wiki/File:Metal_Gear_Solid_4_logo.svg
850445	850445.webp	Medal of Honor (2010)	Russell Bernice from Seattle, USA	CC BY 2.0	https://commons.wikimedia.org/wiki/File:View_from_DNF_line_(4955869149).jpg
852563	852563.webp	The Legend of Zelda: The Wind Waker (2002)	WikiPhoenix	Public domain	https://commons.wikimedia.org/wiki/File:The_Legend_of_Zelda_The_Wind_Waker.svg
853143	853143.webp	Super Mario World (1990)	Arnaud Ramey	Public domain	https://commons.wikimedia.org/wiki/File:Super_Mario_World_box_logo.svg
853344	853344.webp	Manhunt (2003)	Rockstar Games	Public domain	https://commons.wikimedia.org/wiki/File:Manhunt_logo.PNG
854479	854479.webp	Super Mario Bros. 2 (1988)	Nintendo	Public domain	https://commons.wikimedia.org/wiki/File:Super_Mario_Bros._2_logo.png
854487	854487.webp	Super Mario Galaxy 2 (2010)	Throast	CC BY-SA 3.0	https://commons.wikimedia.org/wiki/File:Galaxy2logo.png
856562	856562.webp	Sonic the Hedgehog 3 (1994)	Sega / Sonic Team	Public domain	https://commons.wikimedia.org/wiki/File:Sonic_the_Hedgehog_3_logo.png
857823	857823.webp	Fate/stay night (2004)	™/® TYPE-MOON	Public domain	https://commons.wikimedia.org/wiki/File:Fate_staynight_logo.svg
858294	858294.webp	Tennis for Two (1958)	Marlith	CC BY-SA 3.0	https://commons.wikimedia.org/wiki/File:Tennis_for_Two_Machine_at_CAX_2010.jpg
858564	858564.webp	Mario Kart DS (2005)	Nintendo	Public domain	https://commons.wikimedia.org/wiki/File:Mario_Kart_DS_logo.webp
861205	861205.webp	The Legend of Zelda: Skyward Sword (2011)	Kigsz	Public domain	https://commons.wikimedia.org/wiki/File:The_Legend_of_Zelda_Skyward_Sword.png
863643	863643.webp	Total War: Rome II (2013)	The Creative Assembly	Public domain	https://commons.wikimedia.org/wiki/File:TotalWarRome_II_Logo.png
864389	864389.webp	Nintendogs (2005)	Nintendo	Public domain	https://commons.wikimedia.org/wiki/File:Nintendogs_logo.svg
864943	864943.webp	Sid Meier's Colonization (1994)	MicroProse	Public domain	https://commons.wikimedia.org/wiki/File:Colonization_logo.svg
868389	868389.webp	Final Fantasy XIV (2010)	™/®Square Enix	Public domain	https://commons.wikimedia.org/wiki/File:Final_Fantasy_XIV_Online_logo.svg
868523	868523.webp	Command & Conquer (1995)	Westwood Studios, Rechtsnachfolger: EA	Public domain	https://commons.wikimedia.org/wiki/File:C%26C-TD.png
868545	868545.webp	The Legend of Zelda: Spirit Tracks (2009)	Unknown authorUnknown author	Public domain	https://commons.wikimedia.org/wiki/File:Wordmark_Zelda_Spirit_Tracks.svg
870981	870981.webp	Super Smash Bros. (1999)	Frédéric BISSON from Rouen, France	CC BY 2.0	https://commons.wikimedia.org/wiki/File:Nintendo_64_(26017220053).jpg
877492	877492.webp	Wii Play (2006)	Nintendo	Public domain	https://commons.wikimedia.org/wiki/File:Wii_play_logo.svg
877501	877501.webp	Animal Crossing: Wild World (2005)	Damian Yerrick	Public domain	https://commons.wikimedia.org/wiki/File:Animal_Crossing_Fink_Heavy.png
900305	900305.webp	Final Fantasy V (1992)	Manuelt15	Public domain	https://commons.wikimedia.org/wiki/File:Final_Fantasy_V_wordmark.png
901362	901362.webp	Mount & Blade (2008)	TaleWorlds	Public domain	https://commons.wikimedia.org/wiki/File:Mount_%26_Blade_logo.png
905308	905308.webp	Neighbours from Hell (2003)	HandyGames	CC BY 3.0	https://commons.wikimedia.org/wiki/File:Neighbours_from_Hell_gameplay.jpg
907226	907226.webp	Metal Gear Solid 2: Sons of Liberty (2001)	™/®Konami	Public domain	https://commons.wikimedia.org/wiki/File:Metal_Gear_Solid_2_logo.svg
907508	907508.webp	Tom Clancy's Splinter Cell: Conviction (2010)	Ubisoft	Public domain	https://commons.wikimedia.org/wiki/File:Splinter_Cell_Conviction_logo.jpg
910889	910889.webp	Persona 3 (2006)	Original: Sillent DX Vector: WikiPhoenix	Public domain	https://commons.wikimedia.org/wiki/File:Persona_3_Logo.svg
910938	910938.webp	Fallout 2 (1998)	Black Isle Studios	Public domain	https://commons.wikimedia.org/wiki/File:Fallout_2_logo.png
911226	911226.webp	Final Fantasy IV (1991)	Manuelt15	Public domain	https://commons.wikimedia.org/wiki/File:Final_Fantasy_IV_wordmark.png
915860	915860.webp	Tomb Raider: Underworld (2008)	Unknown authorUnknown author	Public domain	https://commons.wikimedia.org/wiki/File:Tomb_Raider_Underworld_Logo.png
917272	917272.webp	The Witcher 2: Assassins of Kings (2011)	CD Projekt RED	Public domain	https://commons.wikimedia.org/wiki/File:The_Witcher_2%3B_Assassins_of_Kings_Enhanced_Edition_logo.png
921957	921957.webp	Final Fantasy II (1988)	Manuelt15	Public domain	https://commons.wikimedia.org/wiki/File:Final_Fantasy_II_wordmark.png
925253	925253.webp	Mortal Kombat 3 (1995)	Midway Games	CC BY 4.0	https://commons.wikimedia.org/wiki/File:MortalKombat3ScreenshotGamescom.png
925269	925269.webp	Mortal Kombat 4 (1997)	Midway Games	CC BY 4.0	https://commons.wikimedia.org/wiki/File:MortalKombat4LegacyTrailer.png
930345	930345.webp	Metal Gear Rising: Revengeance (2013)	Konami	Public domain	https://commons.wikimedia.org/wiki/File:Metal_Gear_Rising_logo.png
932113	932113.webp	Medal of Honor: Airborne (2007)	Electronic Arts	Public domain	https://commons.wikimedia.org/wiki/File:Medal-of-honor-airborne-mono-logo.png
932349	932349.webp	Medal of Honor: Pacific Assault (2004)	Electronic Arts	Public domain	https://commons.wikimedia.org/wiki/File:Medal-of-honor-pacific-assault-mono-logo.png
938935	938935.webp	Silent Hill: Homecoming (2008)	Konami Digital Entertainment	Public domain	https://commons.wikimedia.org/wiki/File:SilentHillHomecoming.png
944320	944320.webp	Gran Turismo (1997)	™/® Sony Interactive Entertainment, Inc./Polyphony Digital	Public domain	https://commons.wikimedia.org/wiki/File:Gran_Turismo_stylised_series_logo_(black).svg
944752	944752.webp	Fable (2007)	Microsoft Studios	Public domain	https://commons.wikimedia.org/wiki/File:Fable_logo_turkish.png
946795	946795.webp	Max Payne 2: The Fall of Max Payne (2003)	Rockstar Games	Public domain	https://commons.wikimedia.org/wiki/File:Max-Payne-2-Logo.svg
962129	962129.webp	Duke Nukem Forever (2011)	Richard Cabrera	CC BY 2.0	https://commons.wikimedia.org/wiki/File:Girls_of_E3_2011_No.15.jpg
962443	962443.webp	Spec Ops: The Line (2012)	Yager, 2K Games	Public domain	https://commons.wikimedia.org/wiki/File:Logotipo-spec-ops-the-line-divulga%C3%A7%C3%A3o.png
969764	969764.webp	Sonic Generations (2011)	SEGA, Sonic Team	Public domain	https://commons.wikimedia.org/wiki/File:Sonic-Generations-transparent-bg.png
971909	971909.webp	SuperTuxKart (2004)	SuperTuxKart contributors	CC BY 1.0	https://commons.wikimedia.org/wiki/File:STK_track_8.png
973159	973159.webp	Fable III (2010)	Microsoft Studios	Public domain	https://commons.wikimedia.org/wiki/File:Fable_logo_turkish.png
977919	977919.webp	E.T. the Extra-Terrestrial (1982)	Miguelon756-5303	CC BY-SA 4.0	https://commons.wikimedia.org/wiki/File:Atari_E.T._the_Extra-Terrestrial_Cartridge.png
980535	980535.webp	Gran Turismo 2 (1999)	45blues	CC BY-SA 3.0	https://commons.wikimedia.org/wiki/File:New_Gran_Turismo_logo.JPG
984024	984024.webp	Fable II (2008)	This image has been extracted from another file	CC BY 3.0	https://commons.wikimedia.org/wiki/File:Fable_II_cover_(cropped).png
984029	984029.webp	Luigi's Mansion (2001)	Unknown authorUnknown author	Public domain	https://commons.wikimedia.org/wiki/File:Luigi's_Mansion_Logo.png
1016838	1016838.webp	Burnout Paradise (2008)	Electronic Arts, Criterion	Public domain	https://commons.wikimedia.org/wiki/File:Burnout_Paradise_logo.svg
1035512	1035512.webp	Danganronpa: Trigger Happy Havoc (2010)	™ Spike Chunsoft/NIS America	Public domain	https://commons.wikimedia.org/wiki/File:Danganronpa_1_English_logo.svg
1041427	1041427.webp	The Binding of Isaac (2011)	Edmund McMillen und Florian Himsl	Public domain	https://commons.wikimedia.org/wiki/File:Binding_of_isaac_logo.png
1043375	1043375.webp	Castlevania (1986)	Konami	Public domain	https://commons.wikimedia.org/wiki/File:Castlevania_logo_original.svg
1043534	1043534.webp	Galaga (1981)	George Hotelling from Plymouth, MI, United States	CC BY-SA 2.0	https://commons.wikimedia.org/wiki/File:Galaga.jpg
1047938	1047938.webp	Guitar Hero III: Legends of Rock (2007)	Neversoft	Public domain	https://commons.wikimedia.org/wiki/File:Guitar_Hero_III_Logo.png
1050284	1050284.webp	Resident Evil – Code: Veronica (2000)	Capcom	Public domain	https://commons.wikimedia.org/wiki/File:Resident_Evil_Code_Veronica_logo.png
1050298	1050298.webp	Super Mario 3D Land (2011)	Bjarkan	Public domain	https://commons.wikimedia.org/wiki/File:Super_Mario_3D_Land_logo.svg
1050833	1050833.webp	Gears of War 3 (2011)	™/®Microsoft Game Studios	Public domain	https://commons.wikimedia.org/wiki/File:Gow3-logo.svg
1051853	1051853.webp	Cave Story (2004)	Daisuke Amaya / "Pixel"	Public domain	https://commons.wikimedia.org/wiki/File:Cave_Story_Japanese_logo.png
1052131	1052131.webp	Super Smash Bros. Melee (2001)	Maxime Lorant	CC BY-SA 4.0	https://commons.wikimedia.org/wiki/File:Super_Smash_Bros._Melee_in_a_Gamecube.jpg
1052646	1052646.webp	Warface (2013)	Warface, Blackwood Games, Crytek	CC BY-SA 2.5	https://commons.wikimedia.org/wiki/File:Warface_logo_2020.png
1058903	1058903.webp	Super Mario All-Stars (1993)	Nintendo	Public domain	https://commons.wikimedia.org/wiki/File:Super_Mario_All-Stars_logo.svg
1060323	1060323.webp	The Legend of Zelda: Link's Awakening (1993)	Kigsz	Public domain	https://commons.wikimedia.org/wiki/File:The_Legend_of_Zelda_Link's_Awakening.png
1061560	1061560.webp	Super Mario Kart (1992)	Unknown authorUnknown author	Public domain	https://commons.wikimedia.org/wiki/File:Super-Mario-Kart-Logo.png
1062106	1062106.webp	Tekken 3 (1996)	User:Piotrus	CC BY-SA 3.0	https://commons.wikimedia.org/wiki/File:Mus%C3%A9e_M%C3%A9canique_204.JPG
1064927	1064927.webp	Dragon Age II (2011)	BioWare	Public domain	https://commons.wikimedia.org/wiki/File:Dragon_Age_II_logo.png
1066657	1066657.webp	Ice Climber (1985)	Tomás Del Coro	CC BY-SA 2.0	https://commons.wikimedia.org/wiki/File:LVL_Up_Expo_2022_Las_Vegas_Convention_Center.jpg
1068669	1068669.webp	Sonic the Hedgehog (2006)	Sega	Public domain	https://commons.wikimedia.org/wiki/File:Sonic_The_Hedgehog_logo_(2006).png
1068962	1068962.webp	Sonic Heroes (2003)	Sonic Heroes (uploaded by BrochachoTheBro)	Public domain	https://commons.wikimedia.org/wiki/File:Sonic_Heroes_(2003)_logo_official_(SGDB_110801).png
1069059	1069059.webp	Sonic Adventure (1998)	Sega	Public domain	https://commons.wikimedia.org/wiki/File:Sonic_Adventure_monochromatic_logo.svg
1069537	1069537.webp	Medal of Honor (1999)	Unknown authorUnknown author	Public domain	https://commons.wikimedia.org/wiki/File:Medal_of_honor_logo.jpg
1072051	1072051.webp	Donkey Kong Country 2: Diddy's Kong Quest (1995)	Nintendo/Rare	Public domain	https://commons.wikimedia.org/wiki/File:Donkey_Kong_Country_2_-_Diddy's_Kong_Quest_Logo.webp
1075255	1075255.webp	Paper Mario: The Thousand-Year Door (2004)	Intelligent Systems	Public domain	https://commons.wikimedia.org/wiki/File:Paper_Mario_The_Thousand-Year_Door_logo.webp
1088142	1088142.webp	Chrono Cross (1999)	Kigsz	CC BY-SA 3.0	https://commons.wikimedia.org/wiki/File:Chrono_Cross_Logo.png
1092945	1092945.webp	Battlefield 2: Modern Combat (2005)	Dice	Public domain	https://commons.wikimedia.org/wiki/File:Battlefield_2_logo.jpg
1114167	1114167.webp	Just Cause 2 (2010)	SVG: STVNLogo: Square Enix	Public domain	https://commons.wikimedia.org/wiki/File:Just_Cause_2_-_Logo.svg
1117024	1117024.webp	Mario Kart 7 (2011)	Nintendo Entertainment Analysis and Development	Public domain	https://commons.wikimedia.org/wiki/File:Mario_Kart_7_Logo.png
1122324	1122324.webp	Computer Space (1971)	Marica Massaro	CC BY-SA 4.0	https://commons.wikimedia.org/wiki/File:Computer_Space_1971.jpg
1129094	1129094.webp	L.A. Noire (2011)	Rockstar Games	Public domain	https://commons.wikimedia.org/wiki/File:L.A._Noire_logo_2.png
1129775	1129775.webp	Killzone (2004)	Tokyoship	Public domain	https://commons.wikimedia.org/wiki/File:KILLZONE.svg
1130541	1130541.webp	Kane & Lynch: Dead Men (2007)	Eidos	Public domain	https://commons.wikimedia.org/wiki/File:Kane_and_Lynch_logo.png
1133204	1133204.webp	Street Fighter II (1991)	Jonathan Sloan from Burnaby, Canada	CC BY 2.0	https://commons.wikimedia.org/wiki/File:Street_Fighter_II_arcade-20061027.jpg
1135241	1135241.webp	Wii Sports Resort (2009)	Nintendo	Public domain	https://commons.wikimedia.org/wiki/File:Wii_Sports_Resort_logo.svg
1137217	1137217.webp	The Curse of Monkey Island (1997)	Lucas Arts	Public domain	https://commons.wikimedia.org/wiki/File:Thecurseofmonkeyisland-logo.svg
1139007	1139007.webp	Need for Speed III: Hot Pursuit (1998)	EA	Public domain	https://commons.wikimedia.org/wiki/File:Need_for_Speed_III_Hot_Pursuit_Logo.png
1139035	1139035.webp	Need for Speed II (1997)	Unknown authorUnknown author	Public domain	https://commons.wikimedia.org/wiki/File:NfSIILogo.gif
1139044	1139044.webp	The Simpsons Game (2007)	Electronic Arts	Public domain	https://commons.wikimedia.org/wiki/File:Los_Simpson_el_videojuego_logo.png
1142888	1142888.webp	Super Mario 64 DS (2004)	Nintendo	Public domain	https://commons.wikimedia.org/wiki/File:Super_Mario_64_DS_logo.webp
1142893	1142893.webp	Tekken (1994)	Namco	Public domain	https://commons.wikimedia.org/wiki/File:Tekken_Jp.png
1145336	1145336.webp	Dead Rising (2006)	Pop Culture Geek	CC BY 2.0	https://commons.wikimedia.org/wiki/File:E3_2006_Dead_Rising_booth.jpg
1151634	1151634.webp	System Shock (1994)	Nightdive Studios	Public domain	https://commons.wikimedia.org/wiki/File:System_shock_logo.png
1153708	1153708.webp	Demon's Souls (2009)	various	Public domain	https://commons.wikimedia.org/wiki/File:Demon's_Souls_logo_black.svg
1154044	1154044.webp	Kirby's Dream Land (1992)	Nintendo	Public domain	https://commons.wikimedia.org/wiki/File:Kirby's-Dream-Land-Logo.png
1154059	1154059.webp	Kirby's Adventure (1993)	Nintendo	Public domain	https://commons.wikimedia.org/wiki/File:Kirby's-Adventure-Logo.png
1154227	1154227.webp	Pokémon Platinum (2008)	en:Game Freak, en:Nintendo, en:The Pokémon Company	Public domain	https://commons.wikimedia.org/wiki/File:Pokemon_Platinum_Version_logo.png
1165270	1165270.webp	Doodle Jump (2009)	Lima Sky	CC BY-SA 3.0	https://commons.wikimedia.org/wiki/File:Doodle_Jump.png
1166232	1166232.webp	Dark Souls (2011)	various	Public domain	https://commons.wikimedia.org/wiki/File:Dark_Souls_logo_black.svg
1175156	1175156.webp	Max Payne (2001)	Remedy Entertainment	Public domain	https://commons.wikimedia.org/wiki/File:Max_Payne_Logo.svg
1180815	1180815.webp	Dead Island (2011)	Raffi Asdourian from New York, United States	CC BY 2.0	https://commons.wikimedia.org/wiki/File:Dead_Island_at_the_2011_New_York_Comic_Con_(6254213788).jpg
1188904	1188904.webp	The Elder Scrolls Online (2014)	ZeniMax Online Studios	Public domain	https://commons.wikimedia.org/wiki/File:The_Elder_Scrolls_Online_logo.png
1192514	1192514.webp	Galaxian (1979)	User:Piotrus	CC BY-SA 3.0	https://commons.wikimedia.org/wiki/File:Midway_(USA)_Galaxian_arcade_machine.jpg
1194064	1194064.webp	Akinator (2007)	Akinator	Public domain	https://commons.wikimedia.org/wiki/File:Akinator.svg
1194825	1194825.webp	Super Metroid (1994)	Nintendo	Public domain	https://commons.wikimedia.org/wiki/File:Super-Metroid-Logo.png
1195150	1195150.webp	Super Smash Bros. for Nintendo 3DS and Wii U (2014)	Philip Terry Graham	CC0	https://commons.wikimedia.org/wiki/File:EB_Games_Expo_2015_-_Super_Smash_Bros._Nintendo_Stage.JPG
1198580	1198580.webp	Dr. Mario (1990)	17daysolderthannes	CC BY-SA 3.0	https://commons.wikimedia.org/wiki/File:Vsdrmario.jpg
1248594	1248594.webp	Resident Evil (1996)	E1989, optimised by VulcanSphere	Public domain	https://commons.wikimedia.org/wiki/File:The_Resident_Evil_logo.svg
1257775	1257775.webp	Crash Twinsanity (2004)	Traveller's Tales/Vivendi Universal Games	Public domain	https://commons.wikimedia.org/wiki/File:Crash_Twinsanity.png
1277009	1277009.webp	Psychonauts (2005)	various	Public domain	https://commons.wikimedia.org/wiki/File:Psychonauts_logo_black.svg
1287714	1287714.webp	Xenoblade Chronicles (2010)	Unknown	Public domain	https://commons.wikimedia.org/wiki/File:Xenoblade_Chronicles_logo.webp
1315644	1315644.webp	Pro Evolution Soccer 2012 (2011)	Konami	Public domain	https://commons.wikimedia.org/wiki/File:Pes_2012_logo.PNG
1317811	1317811.webp	Mortal Kombat: Deception (2004)	Midway Games	Public domain	https://commons.wikimedia.org/wiki/File:Mkdeceptionlogo.png
1318106	1318106.webp	Pro Evolution Soccer 2011 (2010)	Pablo G. V.	Public domain	https://commons.wikimedia.org/wiki/File:Pro_Evolution_Soccer_2011_Logo.PNG
1322480	1322480.webp	Phoenix Wright: Ace Attorney (2001)	Capcom France	CC BY 3.0	https://commons.wikimedia.org/wiki/File:Phoenix_Wright_in_Phoenix_Wright_Ace_Attorney.png
1324448	1324448.webp	Ico (2001)	SIE Japan Studio	Public domain	https://commons.wikimedia.org/wiki/File:Ico-logo.svg
1339030	1339030.webp	Limbo (2010)	Playdead Studios	Public domain	https://commons.wikimedia.org/wiki/File:LIMBO_Logo.svg
1341049	1341049.webp	Need for Speed: Porsche Unleashed (2000)	Electronic Arts	Public domain	https://commons.wikimedia.org/wiki/File:NFSP.png
1371726	1371726.webp	Watch Dogs (2014)	STVN	Public domain	https://commons.wikimedia.org/wiki/File:Watch_Dogs.svg
1415970	1415970.webp	Final Fantasy (1987)	Unknown authorUnknown author	Public domain	https://commons.wikimedia.org/wiki/File:Final_Fantasy_I_Original_Artbox_logo.png
1416303	1416303.webp	The World Ends with You (2007)	™/®SQUARE ENIX／すばらしきこのせかい製作委員会・MBS	Public domain	https://commons.wikimedia.org/wiki/File:Subarashiki_no_Sekai_logo.png
1416931	1416931.webp	Rayman 3: Hoodlum Havoc (2003)	Ubisoft	Public domain	https://commons.wikimedia.org/wiki/File:Rayman3HoodlumHavocLogo.webp
1456987	1456987.webp	Gothic II (2002)	Piranha Bytes	CC BY-SA 4.0	https://commons.wikimedia.org/wiki/File:Gothic2logo2002.png
1503511	1503511.webp	Street Fighter (1987)	空練	CC BY-SA 3.0	https://commons.wikimedia.org/wiki/File:Streetfighter_Console.jpg
1506526	1506526.webp	New Super Mario Bros. U (2012)	Bjarkan	Public domain	https://commons.wikimedia.org/wiki/File:New_Super_Mario_Bros._U_logo.svg
1572908	1572908.webp	NieR (2010)	PlatinumGames	Public domain	https://commons.wikimedia.org/wiki/File:Nier_G_logo.png
1707918	1707918.webp	South Park: The Stick of Truth (2014)	Ubisoft	Public domain	https://commons.wikimedia.org/wiki/File:South_Park_-_The_Stick_of_Truth_logo.png
1711359	1711359.webp	The Witness (2016)	Thekla, Inc. (original) / Oleg Pospelov & Jovanny Lemonad (font) / nclm (recreation)	Public domain	https://commons.wikimedia.org/wiki/File:The_Witness_logo.svg
1711379	1711379.webp	To the Moon (2011)	Freebird Games	Public domain	https://commons.wikimedia.org/wiki/File:To_the_Moon_Textlogo.png
1735675	1735675.webp	Katawa Shoujo (2012)	Unknown	Public domain	https://commons.wikimedia.org/wiki/File:Katawa_Shoujo_logo.png
1750429	1750429.webp	MySims (2007)	włodi from London, UK	CC BY-SA 2.0	https://commons.wikimedia.org/wiki/File:MySims_at_EA's_Booth_(1296581850).jpg
1750961	1750961.webp	Driver 3 (2004)	Reflections / Atari	Public domain	https://commons.wikimedia.org/wiki/File:Logo_Driv3r.png
1757876	1757876.webp	Tomb Raider (2013)	Crystal Dynamics Inc.	Public domain	https://commons.wikimedia.org/wiki/File:Logo_Tomb_Raider_(2013)_zweifarbig.svg
1765733	1765733.webp	Metroid Prime (2002)	Nintendo	Public domain	https://commons.wikimedia.org/wiki/File:Metroid-Prime-Logo.png
1767176	1767176.webp	SimCity 2000 (1993)	unknown author	Public domain	https://commons.wikimedia.org/wiki/File:Simcity2000_advance_cartridge_by_zeartul.jpg
1779100	1779100.webp	Final Fantasy XV (2016)	Square Enix	Public domain	https://commons.wikimedia.org/wiki/File:Final_Fantasy_XV_worldmark.png
1797550	1797550.webp	Mario & Luigi: Superstar Saga (2003)	AlphaDream	Public domain	https://commons.wikimedia.org/wiki/File:Mario_%26_Luigi_-_Superstar_Saga_logo.png
1797666	1797666.webp	Mario & Luigi: Partners in Time (2005)	AlphaDream	Public domain	https://commons.wikimedia.org/wiki/File:Mario_%26_luigi_-_Partners_in_time_logo.png
1801455	1801455.webp	Saints Row: The Third (2011)	The Conmunity - Pop Culture Geek from Los Angeles, CA, USA	CC BY 2.0	https://commons.wikimedia.org/wiki/File:E3_2011_-_free_parking_and_car_washes_courtesy_of_Saints_Row_The_Third_(5822102021).jpg
1880781	1880781.webp	Need for Speed: Most Wanted (2012)	Criterion Games / Electronic Arts	Public domain	https://commons.wikimedia.org/wiki/File:Need_for_Speed_-_Most_Wanted_(2012)_-_Logo.png
1900280	1900280.webp	Dead Rising 2 (2010)	dalvenjah from USA	CC BY-SA 2.0	https://commons.wikimedia.org/wiki/File:Dead_rising_(4737184751).jpg
1974968	1974968.webp	Postal 2 (2003)	Bastian Stein (farbfilm)	CC BY 2.0	https://commons.wikimedia.org/wiki/File:Postal_2_E3_2003.jpg
1986744	1986744.webp	The Last of Us (2013)	Naughty Dog, Sony Interactive Entertainment	Public domain	https://commons.wikimedia.org/wiki/File:The_Last_of_Us_logo.svg
1987250	1987250.webp	Pro Evolution Soccer 2013 (2012)	Konami,Konami	Public domain	https://commons.wikimedia.org/wiki/File:Pes_2013_logo.png
1988120	1988120.webp	Pokémon Yellow (1998)	Game Freak, Nintendo, The Pokémon Company	Public domain	https://commons.wikimedia.org/wiki/File:Pok%C3%A9mon_Yellow_Logo.png
1988780	1988780.webp	Driver: San Francisco (2011)	The Conmunity - Pop Culture Geek from Los Angeles, CA, USA	CC BY 2.0	https://commons.wikimedia.org/wiki/File:E3_2011_-_Driver_San_Francisco_Dodge_Challenger_(Ubisoft)_(5831103758).jpg
2007022	2007022.webp	Castlevania: Symphony of the Night (1997)	Konami	Public domain	https://commons.wikimedia.org/wiki/File:Castlevania_Symphony_of_the_Night_logo.png
2014882	2014882.webp	Mega Man 2 (1988)	Capcom	Public domain	https://commons.wikimedia.org/wiki/File:Mega_Man_II_logo.png
2034425	2034425.webp	Pokémon Stadium (1999)	en:Game Freak, en:Nintendo, en:The Pokémon Company fox221	Public domain	https://commons.wikimedia.org/wiki/File:Pokemon_Stadium.svg
2045645	2045645.webp	Pokémon Emerald (2004)	Game Freak, Nintendo, The Pokémon Company, uploaded to Commons by Betakiller, originally uploaded t…	Public domain	https://commons.wikimedia.org/wiki/File:Pokemon_Emerald.svg
2068675	2068675.webp	Mario Kart: Super Circuit (2001)	Intelligent Systems / Nintendo	Public domain	https://commons.wikimedia.org/wiki/File:Mario_Kart_-_Super_Circuit_logo.png
2074880	2074880.webp	Mortal Kombat (2011)	NetherRealm Studios	CC BY 3.0	https://commons.wikimedia.org/wiki/File:MK2011Logo.png
2081510	2081510.webp	Sonic Advance (2001)	Sega	Public domain	https://commons.wikimedia.org/wiki/File:Sonic_Advance_logo.svg
2088341	2088341.webp	Syberia II (2004)	Benoît Sokal (designer) ΛΦΠ (creation & upload)	Public domain	https://commons.wikimedia.org/wiki/File:Syberia_2_logo.svg
2141683	2141683.webp	Ms. Pac-Man (1982)	Bandai Namco Entertainment America	CC BY 3.0	https://commons.wikimedia.org/wiki/File:Ms._Pac-Man_gameplay_Screenshot.png
2292393	2292393.webp	Rayman 2: The Great Escape (1999)	Ubisoft	CC BY-SA 4.0	https://commons.wikimedia.org/wiki/File:Rayman_2_-_The_Great_Escape_logo.png
2298261	2298261.webp	Luigi's Mansion: Dark Moon (2013)	Nintendo/Next Level Games	Public domain	https://commons.wikimedia.org/wiki/File:Luigi's_Mansion_-_Dark_Moon_logo.png
2357719	2357719.webp	Smite (2014)	Hi-Rez Studios	Public domain	https://commons.wikimedia.org/wiki/File:Smite_logo_simplified.png
2501242	2501242.webp	Dead Space 3 (2013)	Electronic Arts	Public domain	https://commons.wikimedia.org/wiki/File:DeadSpace3.png
2529000	2529000.webp	EarthBound (1994)	Nintendo / Ape, Inc.	Public domain	https://commons.wikimedia.org/wiki/File:Mother_2_Boxart.png
2530723	2530723.webp	Metroid (1986)	Nintendo	Public domain	https://commons.wikimedia.org/wiki/File:Metroid-Logo.png
2618557	2618557.webp	Battlefield 4 (2013)	Electronic Arts, DICE	Public domain	https://commons.wikimedia.org/wiki/File:Battlefield_4_logo.png
2625075	2625075.webp	Europa Universalis IV (2013)	Unknown authorUnknown author	Public domain	https://commons.wikimedia.org/wiki/File:Europa_Universalis_IV_logo.png
2666353	2666353.webp	Mount & Blade: Warband (2010)	TaleWorlds	Public domain	https://commons.wikimedia.org/wiki/File:Mount_%26_Blade_Warband_logo.png
2681151	2681151.webp	Happy Wheels (2010)	Fancy Force	Public domain	https://commons.wikimedia.org/wiki/File:Happy_Wheels_Logo.png
2712291	2712291.webp	FIFA Soccer 95 (1994)	FIFA Soccer 95 (uploaded by Marcwasmasjien)	Public domain	https://commons.wikimedia.org/wiki/File:FIFA_Soccer_95_logo_official_(SGDB_44094).png
2754466	2754466.webp	World of Warplanes (2013)	Sergey Galyonkin from Raleigh, USA	CC BY-SA 2.0	https://commons.wikimedia.org/wiki/File:World_of_Warplanes_%40_E3_2012_(7164876589).jpg
3178569	3178569.webp	SCP - Containment Breach (2012)	Regalis, Undertow Games	CC BY-SA 3.0	https://commons.wikimedia.org/wiki/File:SCP_-_Containment_Breach.jpg
3182559	3182559.webp	Cyberpunk 2077 (2020)	CD Projekt RED	Public domain	https://commons.wikimedia.org/wiki/File:Cyberpunk_2077_logo.svg
3265748	3265748.webp	Kingdom Hearts III (2019)	0 Noctis 0	Public domain	https://commons.wikimedia.org/wiki/File:Kingdom_Hearts_wordmark.png
3407139	3407139.webp	The Evil Within (2014)	SVG: STVNLogo: Bethesda	Public domain	https://commons.wikimedia.org/wiki/File:The_Evil_Within_-_Logo.svg
4037583	4037583.webp	Dragon Age: Inquisition (2014)	Electronic Arts, Bioware	Public domain	https://commons.wikimedia.org/wiki/File:Dragon_Age_Inquisition.png
4047361	4047361.webp	Prince of Persia (1989)	Jordan Mechner	CC BY-SA 4.0	https://commons.wikimedia.org/wiki/File:Prince_of_Persia_1_-_Macintosh_-_Starting_screen.png
4267401	4267401.webp	The Witcher 3: Wild Hunt (2015)	BANDAI NAMCO Entertainment Europe	CC BY 3.0	https://commons.wikimedia.org/wiki/File:The_Witcher_3_-_Standard_Edition_Unboxing_(Official_Trailer)_cover.jpg
4558721	4558721.webp	Angry Birds (2009)	Sony Pictures, uploaded by Galaxy Studios	CC BY 3.0	https://commons.wikimedia.org/wiki/File:Angry_Birds_gameplay.png
5345827	5345827.webp	Animal Crossing (2001)	EliaRueda	CC BY-SA 4.0	https://commons.wikimedia.org/wiki/File:Animal_Crossing.jpg
5427938	5427938.webp	The Wolf Among Us (2013)	The Wolf Among Us (uploaded by TUFKAC)	Public domain	https://commons.wikimedia.org/wiki/File:The_Wolf_Among_Us_(2013)_logo_official_(SGDB_9726).png
5721431	5721431.webp	Mario Kart: Double Dash (2003)	Nintendo	Public domain	https://commons.wikimedia.org/wiki/File:Mario_Kart_Double_Dash.webp
5800778	5800778.webp	RollerCoaster Tycoon (1999)	Anidae	CC0	https://commons.wikimedia.org/wiki/File:RollerCoaster_Tycoon_logo.svg
6052688	6052688.webp	Assassin's Creed IV: Black Flag (2013)	Ubisoft	Public domain	https://commons.wikimedia.org/wiki/File:Assassin's_Creed_IV_-_Black_Flag_logo.png
6497116	6497116.webp	Myst (1993)	Cyan Worlds	Public domain	https://commons.wikimedia.org/wiki/File:Myst_logo.png
6552947	6552947.webp	Metal Gear (1987)	Konami	Public domain	https://commons.wikimedia.org/wiki/File:Metal_Gear_(1987)_logo.png
6582527	6582527.webp	Metal Gear Solid (1998)	Konami	Public domain	https://commons.wikimedia.org/wiki/File:Metal_Gear_Solid_logo.svg
6586317	6586317.webp	Mega Man (1987)	Myself	Public domain	https://commons.wikimedia.org/wiki/File:Mega_man_in-game_logo.jpg
7156711	7156711.webp	Payday 2 (2013)	Overkill Software	Public domain	https://commons.wikimedia.org/wiki/File:Payday_2.jpg
7200554	7200554.webp	Plague Inc. (2012)	Silsor	Public domain	https://commons.wikimedia.org/wiki/File:Biohazard_symbol.svg
7245729	7245729.webp	Prison Architect (2015)	Introversion Software	Public domain	https://commons.wikimedia.org/wiki/File:Prison_Architect_Logo.png
7246721	7246721.webp	Pro Evolution Soccer 2014 (2013)	Konami	Public domain	https://commons.wikimedia.org/wiki/File:Pes2014-logo-official.png
7766240	7766240.webp	The Stanley Parable (2013)	Danilo0215	CC BY-SA 4.0	https://commons.wikimedia.org/wiki/File:Logo_The_Stanley_Parable.png
7798922	7798922.webp	SimCity (1989)	Xardox at en.wikipedia	Public domain	https://commons.wikimedia.org/wiki/File:SimCity-Indigo.gif
7969348	7969348.webp	Warframe (2013)	Digital Extremes	CC BY-SA 4.0	https://commons.wikimedia.org/wiki/File:WarframeLogo.png
8262784	8262784.webp	Hearthstone (2014)	Klapi	CC BY-SA 4.0	https://commons.wikimedia.org/wiki/File:Pyrkon_2018_Heartstone_Cosplay.jpg
8768018	8768018.webp	Candy Crush Saga (2012)	Siukiu903	CC BY-SA 3.0	https://commons.wikimedia.org/wiki/File:Woman_playing_Candy_Crush_Saga_on_iPad.jpg
10279881	10279881.webp	DayZ (2018)	Cihan ÇOPUR	CC BY-SA 4.0	https://commons.wikimedia.org/wiki/File:DayZ.webp
11256854	11256854.webp	FIFA 14 (2013)	EA Sports	Public domain	https://commons.wikimedia.org/wiki/File:FIFA_14_logo_flat_black-red.png
12147068	12147068.webp	Call of Duty: Ghosts (2013)	Original: Activision/Infinity Ward Derivative work: StomboyCarGeek The original uploader was THeKiL…	Public domain	https://commons.wikimedia.org/wiki/File:Call_of_Duty_Ghosts_logo.svg
12579896	12579896.webp	The Sims 4 (2014)	EA Maxis	Public domain	https://commons.wikimedia.org/wiki/File:Sims_4_logo.svg
12956031	12956031.webp	Wolfenstein: The New Order (2014)	™/®MachineGames Sweden AB, Bethesda Softworks, LLC	Public domain	https://commons.wikimedia.org/wiki/File:Wolfenstein_The_New_Order_%E2%80%93_Game_logo.svg
13219473	13219473.webp	Rayman (1995)	Ubisoft	Public domain	https://commons.wikimedia.org/wiki/File:Rayman_logo.png
13375520	13375520.webp	Need for Speed Rivals (2013)	Ngaleano134	CC BY-SA 3.0	https://commons.wikimedia.org/wiki/File:Need_for_speed_rivals.png
13426947	13426947.webp	Super Mario 3D World (2013)	Nintendo	Public domain	https://commons.wikimedia.org/wiki/File:Super_Mario_3D_World_logo.svg
13427106	13427106.webp	Mario Kart 8 (2014)	Nintendo	Public domain	https://commons.wikimedia.org/wiki/File:Mario_Kart_8_-_Monochrome_logo_(1).svg
13427836	13427836.webp	The Crew (2013)	Ubisoft	Public domain	https://commons.wikimedia.org/wiki/File:The_Crew_logo.png
13431312	13431312.webp	Tom Clancy's The Division (2016)	™/®Massive Entertainment; Red Storm Entertainment; (Ubisoft Entertainment SA)	Public domain	https://commons.wikimedia.org/wiki/File:Tom_Clancy%E2%80%99s_The_Division_%E2%80%93_Game_logo.svg
13473778	13473778.webp	Titanfall (2014)	Titanfall	Public domain	https://commons.wikimedia.org/wiki/File:Titanfall_logo.png
13576160	13576160.webp	GeoGuessr (2013)	GeoGuessr team	Public domain	https://commons.wikimedia.org/wiki/File:GeoGuessr_Logo.svg
14565978	14565978.webp	Papers, Please (2013)	This is modification of a logo owned by Lucas Pope for Papers, Please.	Public domain	https://commons.wikimedia.org/wiki/File:Papers_Please_-_Title_Logo.png
14594724	14594724.webp	Grand Theft Auto Online (2013)	Rockstar Games	Public domain	https://commons.wikimedia.org/wiki/File:Grand_Theft_Auto_Online_Logo.svg
14916183	14916183.webp	Asphalt 8: Airborne (2013)	Gameloft	Public domain	https://commons.wikimedia.org/wiki/File:Asphalt_8_Airborne_logo_(2022).png
15139655	15139655.webp	Heroes of the Storm (2015)	Tim Bartel from Cologne, Germany	CC BY-SA 2.0	https://commons.wikimedia.org/wiki/File:Heroes_of_the_Storm_(20138737788).jpg
15225985	15225985.webp	Persona 5 (2016)	™ Atlus · SEGA	Public domain	https://commons.wikimedia.org/wiki/File:Persona_5_logo.svg
15297043	15297043.webp	No Man's Sky (2016)	Hello Games	Public domain	https://commons.wikimedia.org/wiki/File:No_Man%E2%80%99s_Sky_%E2%80%93_Text_logo.svg
15304961	15304961.webp	Rust (2018)	Facepunch Studios	Public domain	https://commons.wikimedia.org/wiki/File:Rust_vector_logo.svg
15408545	15408545.webp	Kingdom Come: Deliverance (2018)	™/®Warhorse Studios	Public domain	https://commons.wikimedia.org/wiki/File:Logo_Kingdom_Come_Deliverance_schwarz.svg
15613717	15613717.webp	Alien: Isolation (2014)	Ank Kumar	CC BY-SA 4.0	https://commons.wikimedia.org/wiki/File:H.R._Giger%E2%80%99s_Xenomorph_(Ank_Kumar_)_04.jpg
15712701	15712701.webp	Hearts of Iron IV (2016)	Paradox Interactive	Public domain	https://commons.wikimedia.org/wiki/File:Hoi4-logo.png
15983778	15983778.webp	Assassin's Creed Unity (2014)	Tim Bartel from Cologne, Germany	CC BY-SA 2.0	https://commons.wikimedia.org/wiki/File:Gamescom_2014_(14721239258).jpg
15984270	15984270.webp	Hay Day (2012)	SuperCell	Public domain	https://commons.wikimedia.org/wiki/File:HayDay.jpg
15992359	15992359.webp	Far Cry 4 (2014)	™/®Ubisoft	Public domain	https://commons.wikimedia.org/wiki/File:Far_Cry_4_-_Logo.svg
16190030	16190030.webp	Geometry Dash (2013)	RobTop Games	Public domain	https://commons.wikimedia.org/wiki/File:Geometry_Dash.png
16267841	16267841.webp	The Forest (2018)	Endnight Games	Public domain	https://commons.wikimedia.org/wiki/File:The_Forest_game.png
16671192	16671192.webp	Pro Evolution Soccer 2015 (2014)	Konami	Public domain	https://commons.wikimedia.org/wiki/File:Pes_2015_logo.png
16681843	16681843.webp	Uncharted 4: A Thief's End (2016)	Tim Bartel from Cologne, Germany	CC BY-SA 2.0	https://commons.wikimedia.org/wiki/File:Uncharted_4_(20138734128).jpg
16743064	16743064.webp	Call of Duty: Advanced Warfare (2014)	Activision	CC0	https://commons.wikimedia.org/wiki/File:Callofdutyadvancedwarfarelogo.PNG
16968699	16968699.webp	Battlefield Hardline (2015)	DICE	Public domain	https://commons.wikimedia.org/wiki/File:Battlefield_Hardline_logo.png
17118361	17118361.webp	Mortal Kombat X (2015)	Warner Bros. and NetherRealm Studios	CC BY 3.0	https://commons.wikimedia.org/wiki/File:MortalKombatXLogo.png
17154489	17154489.webp	Rise of the Tomb Raider (2015)	Crystal Dynamics	Public domain	https://commons.wikimedia.org/wiki/File:Rise_of_the_Tomb_Raider_logo.png
17154554	17154554.webp	Bloodborne (2015)	various	Public domain	https://commons.wikimedia.org/wiki/File:Bloodborne_logo_black.svg
17156010	17156010.webp	FIFA 15 (2014)	FIFA 15 (uploaded by Krissmed)	Public domain	https://commons.wikimedia.org/wiki/File:FIFA_15_logo_white_(SGDB_13628).png
17164955	17164955.webp	Super Mario Maker (2015)	Nintendo	Public domain	https://commons.wikimedia.org/wiki/File:Super_Mario_Maker_logo.svg
17183996	17183996.webp	Tom Clancy's Rainbow Six Siege (2015)	User:Zombiefan99	CC BY-SA 3.0	https://commons.wikimedia.org/wiki/File:Rainbow_Six_siege_photo_2014-06-14_17-51.jpg
17185964	17185964.webp	The Legend of Zelda: Breath of the Wild (2017)	任天堂株式会社	CC BY-SA 4.0	https://commons.wikimedia.org/wiki/File:THE_LEGEND_OF_ZELDA_BREATE_OF_THE_WILD.webp
17486360	17486360.webp	Assassin's Creed Rogue (2014)	Ubisoft	Public domain	https://commons.wikimedia.org/wiki/File:AC_Rogue.png
17490239	17490239.webp	Splatoon (2015)	Philip Terry Graham	CC0	https://commons.wikimedia.org/wiki/File:EB_Games_Expo_2015_-_Splatoon.JPG
17618314	17618314.webp	Five Nights at Freddy's (2014)	EduardoDiamond	Public domain	https://commons.wikimedia.org/wiki/File:Five_Nights_at_Freddy's_Logo.png
18085691	18085691.webp	The Long Dark (2017)	Hinterland Studio	Public domain	https://commons.wikimedia.org/wiki/File:The_Long_Dark_logo.png
18149274	18149274.webp	Cities: Skylines (2015)	Unknown authorUnknown author	Public domain	https://commons.wikimedia.org/wiki/File:Cities_Skylines_logo.png
18149495	18149495.webp	Cuphead (2017)	Studio MDHR	Public domain	https://commons.wikimedia.org/wiki/File:Cuphead_promo_logo_ddwtd.png
18215878	18215878.webp	Five Nights at Freddy's 2 (2014)	EduardoDiamond	Public domain	https://commons.wikimedia.org/wiki/File:Five_Nights_at_Freddy's_2_Logo.png
18345763	18345763.webp	Gran Turismo 7 (2022)	Polyphony Digital	Public domain	https://commons.wikimedia.org/wiki/File:Gran_Turismo_7_logo.svg
18361009	18361009.webp	Mount & Blade II: Bannerlord (2020)	TaleWorlds	Public domain	https://commons.wikimedia.org/wiki/File:Mount_%26_Blade_II_Bannerlord_logo.png
18515944	18515944.webp	Overwatch (2016)	Blizzard Entertainment	Public domain	https://commons.wikimedia.org/wiki/File:Overwatch_text_logo.svg
18536861	18536861.webp	Life Is Strange (2015)	Zack Tartufo	Public domain	https://commons.wikimedia.org/wiki/File:Life_Is_Strange.png
18602166	18602166.webp	Assassin's Creed Syndicate (2015)	Ubiosft	Public domain	https://commons.wikimedia.org/wiki/File:Assassins-creed-syndicate-logo.png
18753801	18753801.webp	Need for Speed: No Limits (2015)	Electronic Arts (EA)	Public domain	https://commons.wikimedia.org/wiki/File:Need_for_Speed_No_Limits_logo.png
18913274	18913274.webp	Five Nights at Freddy's 3 (2015)	Scott Cawthon	Public domain	https://commons.wikimedia.org/wiki/File:FiveNightsAtFreddys_3_Logo.png
19772510	19772510.webp	Deus Ex: Mankind Divided (2016)	Eidos Montréal	CC0	https://commons.wikimedia.org/wiki/File:Deux_Ex_Mankind_Divided.png
19789342	19789342.webp	Call of Duty: Black Ops III (2015)	Activision	Public domain	https://commons.wikimedia.org/wiki/File:Call_of_Duty_Black_Ops_III.png
19900828	19900828.webp	Five Nights at Freddy's 4 (2015)	Scott Cawthon	Public domain	https://commons.wikimedia.org/wiki/File:Five_Nights_at_Freddy's.svg
20012932	20012932.webp	Agar.io (2015)	Sajua Wanu	Public domain	https://commons.wikimedia.org/wiki/File:Agar.io_gameplay.png
20031741	20031741.webp	Need for Speed (2015)	Aboodmc43	Public domain	https://commons.wikimedia.org/wiki/File:Nfs-mania_need_for_speed_2015_logo.png
20031743	20031743.webp	Rocket League (2015)	jjdhd Beirnrj Psyonix Studios	CC BY-SA 4.0	https://commons.wikimedia.org/wiki/File:Rocket_League_coverart.jpg
20098839	20098839.webp	Pro Evolution Soccer 2016 (2015)	Mëchäs7, Konami	Public domain	https://commons.wikimedia.org/wiki/File:Pes-2016-logo.png
20112508	20112508.webp	Dark Souls III (2016)	FromSoftware and Bandai Namco Entertainment	CC BY-SA 4.0	https://commons.wikimedia.org/wiki/File:Dark_Souls_III.jpg
20116199	20116199.webp	Fallout Shelter (2015)	Bethesda Softworks	Public domain	https://commons.wikimedia.org/wiki/File:Fallout_Shelter_logo.png
20155528	20155528.webp	Horizon Zero Dawn (2017)	™/®Guerrilla Games	Public domain	https://commons.wikimedia.org/wiki/File:Logo_Horizon_Zero_Dawn.svg
20670394	20670394.webp	Yandere Simulator	Yandere Simulator	Public domain	https://commons.wikimedia.org/wiki/File:Logo_Yandere_Simulator.svg
20671114	20671114.webp	For Honor (2017)	Ubisoft	Public domain	https://commons.wikimedia.org/wiki/File:13934_for-honor-prev.svg
20737889	20737889.webp	Mafia III (2016)	2K Games/Hangar 13	Public domain	https://commons.wikimedia.org/wiki/File:Mafia_III_logo.svg
20796085	20796085.webp	SimCity BuildIt (2014)	SimCity: BuildIt	Public domain	https://commons.wikimedia.org/wiki/File:SimCity_BuildIt.png
20829312	20829312.webp	Stellaris (2016)	Paradox Interactive	Public domain	https://commons.wikimedia.org/wiki/File:Stellaris_logo.svg
20966579	20966579.webp	Pokémon Go (2016)	Mimzy	CC0	https://commons.wikimedia.org/wiki/File:App-augmented-reality-game-gps-163042.jpg
21039915	21039915.webp	Subnautica (2014)	Unknown World Entertainment	Public domain	https://commons.wikimedia.org/wiki/File:Subnautica_logo.png
21039924	21039924.webp	Undertale (2015)	Original: Creator:Temmie Chang and/or Toby Fox Vector: Theinstantmatrix	Public domain	https://commons.wikimedia.org/wiki/File:Undertale_vector_logo_on_black_borders.svg
21043786	21043786.webp	Battlefield V (2018)	EA Digital Illusions CE	Public domain	https://commons.wikimedia.org/wiki/File:Battlefield_v_official_logo.png
21072291	21072291.webp	Far Cry Primal (2016)	™/®Ubisoft	Public domain	https://commons.wikimedia.org/wiki/File:Far_Cry_Primal_Logo.png
21246348	21246348.webp	Detroit: Become Human (2018)	Quantic Dream	Public domain	https://commons.wikimedia.org/wiki/File:Detroit-become-human-logo.png
21563294	21563294.webp	Gran Turismo Sport (2017)	Sony Interactive Entertainment	Public domain	https://commons.wikimedia.org/wiki/File:Gran_Turismo_Sport_logo.svg
22019785	22019785.webp	INSIDE (2016)	Playdead (video game development studio)	Public domain	https://commons.wikimedia.org/wiki/File:Inside_video_game_logo.svg
23648408	23648408.webp	Grand Theft Auto VI (2026)	Rockstar Games	Public domain	https://commons.wikimedia.org/wiki/File:Grand_Theft_Auto_VI_logo.svg
23978200	23978200.webp	Call of Duty: Infinite Warfare (2016)	Infinity Ward, Inc.; Activision Publishing, Inc.	Public domain	https://commons.wikimedia.org/wiki/File:Call_of_Duty_Infinite_Warfare_%E2%80%93_Game_logo.svg
24031560	24031560.webp	Battlefield 1 (2016)	EA Digital Illusions CE	CC BY-SA 4.0	https://commons.wikimedia.org/wiki/File:Battlefield_1_(2016).png
24044813	24044813.webp	Titanfall 2 (2016)	™/®Respawn Entertainment, LLC, Electronic Arts, Inc.	Public domain	https://commons.wikimedia.org/wiki/File:Titanfall_2_%E2%80%93_Game_logo.svg
24050047	24050047.webp	Civilization VI (2016)	By GeMet	Public domain	https://commons.wikimedia.org/wiki/File:Civilization_VI.svg
24442399	24442399.webp	FIFA 17 (2016)	Triopito	Public domain	https://commons.wikimedia.org/wiki/File:FIFA_17_logo.png
24455756	24455756.webp	Watch Dogs 2 (2016)	Ubisoft	Public domain	https://commons.wikimedia.org/wiki/File:WatchDogs2.png
24514682	24514682.webp	Dead by Daylight (2016)	Behaviour Interactive	Public domain	https://commons.wikimedia.org/wiki/File:Dead_by_Daylight_Logo.png
24576564	24576564.webp	Days Gone (2019)	Bend Studio	Public domain	https://commons.wikimedia.org/wiki/File:Days_Gone_Logo.jpg
24577667	24577667.webp	Resident Evil 7: Biohazard (2017)	™/®Capcom	Public domain	https://commons.wikimedia.org/wiki/File:Logo_Resident_Evil_VII.svg
24666782	24666782.webp	Death Stranding (2019)	Original: Kojima Productions Vector: theinstantmatrix	Public domain	https://commons.wikimedia.org/wiki/File:Death_Stranding_2019_vector_logo.svg
25340029	25340029.webp	Spider-Man (2018)	Insomniac Games and Sony Interactive Entertainment	Public domain	https://commons.wikimedia.org/wiki/File:Spider-Man_video_game_series_logo.png
26831232	26831232.webp	Super Mario Run (2016)	Nintendo	Public domain	https://commons.wikimedia.org/wiki/File:Super_Mario_Run_logo.svg
27438121	27438121.webp	Red Dead Redemption 2 (2018)	Rockstar Games	Public domain	https://commons.wikimedia.org/wiki/File:Red_Dead_Redemption_2_Logo.png
27950674	27950674.webp	The Last of Us Part II (2020)	Pete Ellis	CC BY-SA 4.0	https://commons.wikimedia.org/wiki/File:The_Last_of_Us_Part_II_marketing_-_train.jpg
28129061	28129061.webp	Splatoon 2 (2017)	Bjarkan	Public domain	https://commons.wikimedia.org/wiki/File:Splatoon_2.svg
28451532	28451532.webp	Celeste (2018)	Maddy Makes Games	CC BY-SA 4.0	https://commons.wikimedia.org/wiki/File:Celeste_box_art_full.png
28937399	28937399.webp	PUBG: Battlegrounds (2017)	Toobadtoogood	Public domain	https://commons.wikimedia.org/wiki/File:PUBGCorpABHC.png
29045915	29045915.webp	Destiny 2 (2017)	Vero Vinitas (author of article); destinyblog.de	Public domain	https://commons.wikimedia.org/wiki/File:Destiny_2_logo.png
29154231	29154231.webp	Star Wars Battlefront II (2017)	Electronic Arts, Inc.; Electronic Arts Digital Illusions Creative Entertainment AB	Public domain	https://commons.wikimedia.org/wiki/File:Logo_Star_Wars_Battlefront_II_(2017)_schwarz.svg
29300592	29300592.webp	Hollow Knight (2017)	Team Cherry	Public domain	https://commons.wikimedia.org/wiki/File:Hollow_Knight_text-only_logo_black.svg
29564198	29564198.webp	Mobile Legends: Bang Bang (2016)	Miss Vaiolet	CC BY-SA 4.0	https://commons.wikimedia.org/wiki/File:MobileIsLegends.png
29577137	29577137.webp	Call of Duty: WWII (2017)	™/®Sledgehammer Games; Activision	Public domain	https://commons.wikimedia.org/wiki/File:Logo_Call_of_Duty_WWII_zweifarbig.svg
30015130	30015130.webp	Far Cry 5 (2018)	™/®Ubisoft SA	Public domain	https://commons.wikimedia.org/wiki/File:Logo_Far_Cry_5_wei%C3%9F.svg
30138024	30138024.webp	Assassin's Creed Origins (2017)	™/®Ubisoft Entertainment SA	Public domain	https://commons.wikimedia.org/wiki/File:Textlogo_Assassin%E2%80%99s_Creed_Origins.svg
30138107	30138107.webp	FIFA 18 (2017)	FIFA 18 (uploaded by Krissmed)	Public domain	https://commons.wikimedia.org/wiki/File:FIFA_18_logo_official_(SGDB_11460).png
30276412	30276412.webp	Wolfenstein II: The New Colossus (2017)	™/®MachineGames, Bethesda Softworks	Public domain	https://commons.wikimedia.org/wiki/File:Wolfenstein-TNC-Logo.svg
42266827	42266827.webp	Doki Doki Literature Club! (2017)	™/®Team Salvato	Public domain	https://commons.wikimedia.org/wiki/File:DDLC_logo.svg
42564798	42564798.webp	Ghost of Tsushima (2020)	Sucker Punch Productions	Public domain	https://commons.wikimedia.org/wiki/File:GOT_Logo-Black.png
50376633	50376633.webp	Call of Duty: Black Ops 4 (2018)	Activision Blizzard	Public domain	https://commons.wikimedia.org/wiki/File:Call_of_Duty_Black_Ops_4_Logo.png
50562677	50562677.webp	Shadow of the Tomb Raider (2018)	Square Enix	Public domain	https://commons.wikimedia.org/wiki/File:Shadow_of_the_Tomb_Raider.png
50822580	50822580.webp	Fortnite Battle Royale (2017)	Epic Games - upload: Giov.c; Recolored Battle Royale text to black by FireDragonValo	Public domain	https://commons.wikimedia.org/wiki/File:Fortnite_BR_2022_Logo_with_black_text.svg
54093632	54093632.webp	Super Smash Bros. Ultimate (2018)	RuinDig/Yuki Uchida	CC BY 4.0	https://commons.wikimedia.org/wiki/File:Tokyo-Game-Show-2023-Day3-2023-09-23_283.jpg
54153179	54153179.webp	FIFA 19 (2018)	Electronic Arts Inc.	Public domain	https://commons.wikimedia.org/wiki/File:FIFA_19_logo.svg
54497595	54497595.webp	Fallout 76 (2018)	Bethesda Softworks.	Public domain	https://commons.wikimedia.org/wiki/File:Fallout_76_logo.png
54617566	54617566.webp	Assassin's Creed Odyssey (2018)	Ubisoft	Public domain	https://commons.wikimedia.org/wiki/File:Assassins_Creed_Odyssey_logo.png
54856541	54856541.webp	Hitman 2 (2018)	IO Interactive	Public domain	https://commons.wikimedia.org/wiki/File:Hitman_2_2018_logo.svg
54893555	54893555.webp	Forza Horizon 4 (2018)	Sergey Galyonkin from Raleigh, USA	CC BY-SA 2.0	https://commons.wikimedia.org/wiki/File:Forza_Horizon_4_McLaren_Senna.jpg
54913666	54913666.webp	Halo Infinite (2021)	™/®343 Industries, SkyBox Labs; Xbox Game Studios	Public domain	https://commons.wikimedia.org/wiki/File:Halo_Infinite_logo.svg
54936079	54936079.webp	Super Mario Party (2018)	Nintendo	Public domain	https://commons.wikimedia.org/wiki/File:Super_Mario_party_Logo.svg
55004330	55004330.webp	Dying Light 2 Stay Human (2022)	Techland	Public domain	https://commons.wikimedia.org/wiki/File:Dying_Light_2_Stay_Human.svg
55076932	55076932.webp	Devil May Cry 5 (2019)	arsenik59fr	Public domain	https://commons.wikimedia.org/wiki/File:Devil-may-cry.png
55286432	55286432.webp	Starfield (2023)	Xbox BR	CC BY 3.0	https://commons.wikimedia.org/wiki/File:Starfield_-_Abandoned_Hangar.jpg
55449345	55449345.webp	Star Wars Jedi: Fallen Order (2019)	Electronic Arts	Public domain	https://commons.wikimedia.org/wiki/File:Star_Wars_Jedi_Fallen_Order_logo.svg
55662649	55662649.webp	Doom Eternal (2020)	id Software; Bethesda Softworks, LLC	Public domain	https://commons.wikimedia.org/wiki/File:Doom_%E2%80%93_Game%E2%80%99s_logo.svg
56641109	56641109.webp	Luigi's Mansion 3 (2019)	Next Level Games / Nintendo	Public domain	https://commons.wikimedia.org/wiki/File:Luigi's_mansion_3_logo.jpg
58045522	58045522.webp	Deltarune (2018)	Toby Fox	Public domain	https://commons.wikimedia.org/wiki/File:Deltarune_vector_logo.svg
59511757	59511757.webp	Mortal Kombat 11 (2019)	NetherRealm Studios	CC BY 3.0	https://commons.wikimedia.org/wiki/File:Mortal_Kombat_11_karakter_se%C3%A7me_ekran%C4%B1.jpg
59535090	59535090.webp	The Outer Worlds (2019)	Obsidian Entertainment	Public domain	https://commons.wikimedia.org/wiki/File:Outerworlds-logo.png
59536524	59536524.webp	Far Cry New Dawn (2019)	Ubisoft SA	Public domain	https://commons.wikimedia.org/wiki/File:Far-cry-new-dawn-logo-01-ps4-us-06dec18.png
59756366	59756366.webp	Hades (2020)	Supergiant Games	Public domain	https://commons.wikimedia.org/wiki/File:Hades_logo.png
61478103	61478103.webp	Apex Legends (2019)	Respawn Entertainment Electronic Arts	Public domain	https://commons.wikimedia.org/wiki/File:Apex_Legends_logo.svg
61831178	61831178.webp	Super Mario Maker 2 (2019)	Nintendo	CC BY-SA 4.0	https://commons.wikimedia.org/wiki/File:Super_Mario_Maker_2_logo.png
63294487	63294487.webp	Hollow Knight: Silksong (2025)	various	Public domain	https://commons.wikimedia.org/wiki/File:Hollow_Knight_Silksong_text-only_logo_black.svg
64029241	64029241.webp	Call of Duty: Mobile (2019)	Call of Duty	Public domain	https://commons.wikimedia.org/wiki/File:Call_of_Duty_Mobile_2023_logo.svg
64083878	64083878.webp	Call of Duty: Modern Warfare (2019)	dronepicr	CC BY 2.0	https://commons.wikimedia.org/wiki/File:Call_of_Duty_Modern_Warfare_Gamescom_2019_(48605842367).jpg
64157198	64157198.webp	FIFA 20 (2019)	Electronic Arts	Public domain	https://commons.wikimedia.org/wiki/File:FIFA_20_logo.svg
64441774	64441774.webp	Baldur's Gate 3 (2023)	Interplay/Bioware	Public domain	https://commons.wikimedia.org/wiki/File:Baldurs_Gate_stacked_logo_circa_Enhanced_Edition.png
64577191	64577191.webp	The Legend of Zelda: Tears of the Kingdom (2023)	Nintendo	Public domain	https://commons.wikimedia.org/wiki/File:The_Legend_of_Zelda_Tears_of_the_Kingdom.svg
64826862	64826862.webp	Elden Ring (2022)	various	Public domain	https://commons.wikimedia.org/wiki/File:Elden_Ring_logo_black.svg
65059474	65059474.webp	Genshin Impact (2020)	™/®miHoYo/HoYoverse	Public domain	https://commons.wikimedia.org/wiki/File:Genshin_Impact_wordmark.svg
66439292	66439292.webp	Need for Speed Heat (2019)	dronepicr	CC BY 2.0	https://commons.wikimedia.org/wiki/File:Need_for_Speed_Heat_Car_Gamescom_2019_(48605686406).jpg
69523972	69523972.webp	Microsoft Flight Simulator (2020)	Microsoft	Public domain	https://commons.wikimedia.org/wiki/File:Microsoft_Flight_Simulator_(2020)_logo.png
71693825	71693825.webp	Disco Elysium (2019)	Dronebogus	CC0	https://commons.wikimedia.org/wiki/File:Disco_Elysium_logo.png
73163646	73163646.webp	Overwatch (2023)	XboxBR	CC BY 3.0	https://commons.wikimedia.org/wiki/File:Overwatch_2_-_Junker_Queen_gameplay.jpg
75653574	75653574.webp	Half-Life: Alyx (2020)	Valve Corporation	Public domain	https://commons.wikimedia.org/wiki/File:Half-Life_Alyx_Logo.png
86919275	86919275.webp	Valorant (2020)	Riot Games	Public domain	https://commons.wikimedia.org/wiki/File:Valorant_logo_-_pink_color_version.svg
87416343	87416343.webp	Call of Duty: Warzone (2020)	Activision	Public domain	https://commons.wikimedia.org/wiki/File:Call_of_Duty_Warzone_Logo.png
92464687	92464687.webp	Assassin's Creed Valhalla (2020)	Ubisoft	Public domain	https://commons.wikimedia.org/wiki/File:Assassin's_Creed_Valhalla_text_logo.svg
96216443	96216443.webp	Horizon Forbidden West (2022)	Guerrilla Games / Sony Interactive Entertainment	Public domain	https://commons.wikimedia.org/wiki/File:Horizon_Forbidden_West_logo_black.svg
96216496	96216496.webp	Hitman 3 (2021)	IO Interactive - Vector recreation by theinstantmatrix	Public domain	https://commons.wikimedia.org/wiki/File:Hitman_3_2021_vector_logo.svg
96216515	96216515.webp	Resident Evil Village (2021)	Capcom Co., Ltd.	Public domain	https://commons.wikimedia.org/wiki/File:Resident_Evil_Village.png
96247255	96247255.webp	Stray (2022)	various	Public domain	https://commons.wikimedia.org/wiki/File:Stray_text-only_logo_black.svg
96416457	96416457.webp	FIFA 21 (2020)	Electronic Arts Inc.	Public domain	https://commons.wikimedia.org/wiki/File:FIFA_21_logo.svg
96417649	96417649.webp	Among Us (2018)	InnerSloth LLC, originally uploaded by User:RiskiMuhammad11	Public domain	https://commons.wikimedia.org/wiki/File:Among_Us_Logo.svg
96482598	96482598.webp	FIFA 22 (2021)	Electronic Arts Inc.	Public domain	https://commons.wikimedia.org/wiki/File:FIFA_22_logo.svg
97120062	97120062.webp	Far Cry 6 (2021)	Ubisoft SA	Public domain	https://commons.wikimedia.org/wiki/File:FC6_Logo.png
98514334	98514334.webp	Call of Duty: Black Ops Cold War (2020)	Unknown authorUnknown author	Public domain	https://commons.wikimedia.org/wiki/File:CoD_Black_Ops_Cold_War_logo.svg
98582386	98582386.webp	Black Myth: Wukong (2024)	Game Science	Public domain	https://commons.wikimedia.org/wiki/File:Black_Myth_Wukong_international_black_logo.png
99397854	99397854.webp	Hogwarts Legacy (2023)	Hogwarts Legacy	CC BY 3.0	https://commons.wikimedia.org/wiki/File:Hogwarts_Legacy_promotional_photo_horizontal.jpg
105486599	105486599.webp	Tekken 8 (2024)	Bandai Namco Studios, Bandai Namco Holdings	Public domain	https://commons.wikimedia.org/wiki/File:Tekken_8_logo.svg
105618699	105618699.webp	Omori (2020)	OMOCAT, LLC.	Public domain	https://commons.wikimedia.org/wiki/File:OMORI_Logo.png
105688771	105688771.webp	Pokémon Legends: Arceus (2022)	Game Freak	Public domain	https://commons.wikimedia.org/wiki/File:Pok%C3%A9mon_Legends_Arceus_Logo.png
106686950	106686950.webp	Battlefield 2042 (2021)	EA DICE	Public domain	https://commons.wikimedia.org/wiki/File:Battlefield_2042_logo_-_black_color_version.svg
106928099	106928099.webp	Victoria 3 (2022)	https://en.wikipedia.org/wiki/User:Betseg	Public domain	https://commons.wikimedia.org/wiki/File:Victoria_3.png
107486489	107486489.webp	FIFA 23 (2022)	Electronic Arts Inc.	Public domain	https://commons.wikimedia.org/wiki/File:FIFA_23_logo.svg
108054772	108054772.webp	Call of Duty: Vanguard (2021)	Sledgehammer Games Activision	Public domain	https://commons.wikimedia.org/wiki/File:Call_of_Duty_Vanguard_logo.svg
108417001	108417001.webp	Alan Wake 2 (2023)	Remedy Entertainment Epic Games	Public domain	https://commons.wikimedia.org/wiki/File:Alan_Wake_II_logo.svg
108479502	108479502.webp	Spider-Man 2 (2023)	Marvel's Spider-Man 2 (uploaded by MassiveGoods)	Public domain	https://commons.wikimedia.org/wiki/File:Marvel's_Spider-Man_2_(2025)_logo_official_(SGDB_124347).png
110206584	110206584.webp	Call of Duty: Modern Warfare II (2022)	Infinity Ward	Public domain	https://commons.wikimedia.org/wiki/File:Logo_of_Call_of_Duty_Modern_Warfare_II.jpg
110367996	110367996.webp	Wordle (2021)	Josh Wardle (website/game), Berrely (vectorizing)	Public domain	https://commons.wikimedia.org/wiki/File:Wordle_196_example.svg
111165107	111165107.webp	Counter-Strike 2 (2023)	Valve Corporation	Public domain	https://commons.wikimedia.org/wiki/File:Counter-Strike_2_logo.svg
112231148	112231148.webp	Resident Evil 4 (2023)	Capcom	Public domain	https://commons.wikimedia.org/wiki/File:Resident_Evil_4_logo_(2023).svg
112704136	112704136.webp	Star Wars Jedi: Survivor (2023)	Respawn Entertainment, Electronic Arts	Public domain	https://commons.wikimedia.org/wiki/File:Star_Wars_Jedi_Survivor_logo.svg
113675008	113675008.webp	Assassin's Creed Mirage (2023)	Ubisoft Bordeaux, Ubisoft	Public domain	https://commons.wikimedia.org/wiki/File:Assassin's_Creed_Mirage_text_logo.svg
113835296	113835296.webp	EA Sports FC 24 (2023)	Electronic Arts	Public domain	https://commons.wikimedia.org/wiki/File:EA_Sports_FC_24_logo.svg
114438019	114438019.webp	Need for Speed Unbound (2022)	Criterion Games, Electronic Arts	Public domain	https://commons.wikimedia.org/wiki/File:Need_for_Speed_Unbound_logo.svg
116995799	116995799.webp	Cities: Skylines II	Colossal Order, Paradox Interactive	Public domain	https://commons.wikimedia.org/wiki/File:Cities_Skylines_II_horizontal_logo.svg
117716202	117716202.webp	Assassin's Creed Shadows (2025)	Ubisoft Quebec, Ubisoft	Public domain	https://commons.wikimedia.org/wiki/File:Assassin's_Creed_Shadows_text_logo.svg
118374430	118374430.webp	Mortal Kombat 1 (2023)	NetherRealm Studios	Public domain	https://commons.wikimedia.org/wiki/File:Mortal-Kombat-1-logo.png
119819453	119819453.webp	Super Mario Bros. Wonder (2023)	Nintendo	Public domain	https://commons.wikimedia.org/wiki/File:Super_Mario_Bros._Wonder_Logo.png
124983920	124983920.webp	Resident Evil Requiem (2026)	Capcom France	CC BY 4.0	https://commons.wikimedia.org/wiki/File:Resident_Evil_Requiem_gameplay.jpg
125430996	125430996.webp	Kingdom Come: Deliverance II (2025)	™/®Warhorse Studios	Public domain	https://commons.wikimedia.org/wiki/File:Logo_Kingdom_Come_Deliverance_schwarz.svg
