# InSight catalogue art credits — GENERATED by scripts/build-catalog-art.mjs countries, do not edit.
# One row per image under web/catalog-art/countries/:
# key<TAB>file<TAB>name<TAB>author<TAB>licence<TAB>source
# The key is the catalogue key (public/countries.txt); the file is what
# hosting serves; author and licence are what the licence requires shown
# beside the picture, which the app's credits sheet draws from this file.
# A takedown is `node scripts/build-catalog-art.mjs countries --remove <key>` (D420).
# 246 entries.
4	4.webp	Afghanistan	Original: Taliban Vector: Lexicon	Public domain	https://commons.wikimedia.org/wiki/File:Flag_of_the_Taliban.svg
8	8.webp	Albania	Sadik Kaceli	Public domain	https://commons.wikimedia.org/wiki/File:Flag_of_Albania.svg
10	10.webp	Antarctica	Antarctic_Treaty_flag.svg: Alakasam. derivative work: B1mbo (talk)	CC BY-SA 3.0	https://commons.wikimedia.org/wiki/File:Flag_of_the_Antarctic_Treaty.svg
12	12.webp	Algeria	Original: National Liberation Front of Algeria Vector: SKopp	Public domain	https://commons.wikimedia.org/wiki/File:Flag_of_Algeria.svg
16	16.webp	American Samoa	by Tobias Jakobs	Public domain	https://commons.wikimedia.org/wiki/File:Flag_of_American_Samoa.svg
20	20.webp	Andorra	Original: Napoleon III Vector: HansenBCN	Public domain	https://commons.wikimedia.org/wiki/File:Flag_of_Andorra.svg
24	24.webp	Angola	Original: Henrique de Carvalho Santos Vector: SKopp	Public domain	https://commons.wikimedia.org/wiki/File:Flag_of_Angola.svg
28	28.webp	Antigua and Barbuda	Original: Sir Reginald Samuel Vector: David Benbennick	Public domain	https://commons.wikimedia.org/wiki/File:Flag_of_Antigua_and_Barbuda.svg
31	31.webp	Azerbaijan	SKopp and others	Public domain	https://commons.wikimedia.org/wiki/File:Flag_of_Azerbaijan.svg
32	32.webp	Argentina	Manuel Belgrano	Public domain	https://commons.wikimedia.org/wiki/File:Flag_of_Argentina.svg
36	36.webp	Australia	Unknown (Vector graphics image by Ian Fieggen) (only minor code changes by uploader.)	Public domain	https://commons.wikimedia.org/wiki/File:Flag_of_Australia_(converted).svg
40	40.webp	Austria	Bundesministerium für Landesverteidigung	Public domain	https://commons.wikimedia.org/wiki/File:Flag_of_Austria.svg
44	44.webp	Bahamas	Government of Bahamas	Public domain	https://commons.wikimedia.org/wiki/File:Flag_of_the_Bahamas.svg
48	48.webp	Bahrain	Source: Drawn by SKopp, rewritten by Zscout370	Public domain	https://commons.wikimedia.org/wiki/File:Flag_of_Bahrain.svg
50	50.webp	Bangladesh	See File history below for details.	Public domain	https://commons.wikimedia.org/wiki/File:Flag_of_Bangladesh.svg
51	51.webp	Armenia	Original: Stepan Malkhasyants Vector: SKopp	Public domain	https://commons.wikimedia.org/wiki/File:Flag_of_Armenia.svg
52	52.webp	Barbados	User:Denelson83	Public domain	https://commons.wikimedia.org/wiki/File:Flag_of_Barbados.svg
56	56.webp	Belgium	Dbenbenn and others	Public domain	https://commons.wikimedia.org/wiki/File:Flag_of_Belgium.svg
60	60.webp	Bermuda	Version 1: Made by Caleb Moore from the Open Clip Art website and uploaded by Nightstallion Version…	Public domain	https://commons.wikimedia.org/wiki/File:Flag_of_Bermuda.svg
64	64.webp	Bhutan	See File history below for details.	Public domain	https://commons.wikimedia.org/wiki/File:Flag_of_Bhutan.svg
68	68.webp	Bolivia	See file history' below for details.	Public domain	https://commons.wikimedia.org/wiki/File:Flag_of_Bolivia.svg
70	70.webp	Bosnia and Herzegovina	Mladen Kolobarić	Public domain	https://commons.wikimedia.org/wiki/File:Flag_of_Bosnia_and_Herzegovina.svg
72	72.webp	Botswana	SKopp, Gabbe, Madden	Public domain	https://commons.wikimedia.org/wiki/File:Flag_of_Botswana.svg
74	74.webp	Bouvet Island	Original: Fredrik Meltzer Vector: Gutten på Hemsen	Public domain	https://commons.wikimedia.org/wiki/File:Flag_of_Norway.svg
76	76.webp	Brazil	Raimundo Teixeira Mendes	Public domain	https://commons.wikimedia.org/wiki/File:Flag_of_Brazil.svg
84	84.webp	Belize	Caleb Moore	Public domain	https://commons.wikimedia.org/wiki/File:Flag_of_Belize.svg
86	86.webp	British Indian Ocean Territory	Unknown authorUnknown author	CC0	https://commons.wikimedia.org/wiki/File:Flag_of_the_Commissioner_of_the_British_Indian_Ocean_Territory.svg
90	90.webp	Solomon Islands	User:SKopp	Public domain	https://commons.wikimedia.org/wiki/File:Flag_of_the_Solomon_Islands.svg
92	92.webp	British Virgin Islands	No machine-readable author provided. Dbenbenn assumed (based on copyright claims).	Public domain	https://commons.wikimedia.org/wiki/File:Flag_of_the_British_Virgin_Islands.svg
96	96.webp	Brunei	Nightstallion	Public domain	https://commons.wikimedia.org/wiki/File:Flag_of_Brunei.svg
100	100.webp	Bulgaria	SKopp	Public domain	https://commons.wikimedia.org/wiki/File:Flag_of_Bulgaria.svg
104	104.webp	Myanmar	Unknown authorUnknown author	Public domain	https://commons.wikimedia.org/wiki/File:Flag_of_Myanmar.svg
108	108.webp	Burundi	See File history below for details.	Public domain	https://commons.wikimedia.org/wiki/File:Flag_of_Burundi.svg
112	112.webp	Belarus	See File history below for details.	Public domain	https://commons.wikimedia.org/wiki/File:Flag_of_Belarus.svg
116	116.webp	Cambodia	Unknown authorUnknown author	Public domain	https://commons.wikimedia.org/wiki/File:Flag_of_Cambodia.svg
120	120.webp	Cameroon	(of code) -xfi-	Public domain	https://commons.wikimedia.org/wiki/File:Flag_of_Cameroon.svg
124	124.webp	Canada	Original: George F. G. Stanley Modified by: The original uploader was Illegitimate Barrister at Wik…	Public domain	https://commons.wikimedia.org/wiki/File:Flag_of_Canada_(Pantone).svg
132	132.webp	Cape Verde	Original: Pedro Gregório Vector: SKopp	Public domain	https://commons.wikimedia.org/wiki/File:Flag_of_Cape_Verde_(10-17).svg
136	136.webp	Cayman Islands	Unknown authorUnknown author	Public domain	https://commons.wikimedia.org/wiki/File:Flag_of_the_Cayman_Islands.svg
140	140.webp	Central African Republic	Barthélemy Boganda	Public domain	https://commons.wikimedia.org/wiki/File:Flag_of_the_Central_African_Republic.svg
144	144.webp	Sri Lanka	Original: Sri Lanka Vectorization: Zscout370, Mike Rohsopht	Public domain	https://commons.wikimedia.org/wiki/File:Flag_of_Sri_Lanka.svg
148	148.webp	Chad	SKopp & others (see upload log)	Public domain	https://commons.wikimedia.org/wiki/File:Flag_of_Chad.svg
152	152.webp	Chile	See file history below for details.	Public domain	https://commons.wikimedia.org/wiki/File:Flag_of_Chile.svg
156	156.webp	China	Zeng Liansong	Public domain	https://commons.wikimedia.org/wiki/File:Flag_of_the_People's_Republic_of_China.svg
158	158.webp	Taiwan	Sun Yat-sen	Public domain	https://commons.wikimedia.org/wiki/File:Flag_of_the_Republic_of_China.svg
162	162.webp	Christmas Island	Tony Couch	Public domain	https://commons.wikimedia.org/wiki/File:Flag_of_Christmas_Island.svg
166	166.webp	Cocos (Keeling) Islands	Original: Mohammed Minkom Vector: SpinnerLaserzthe2nd	CC BY-SA 4.0	https://commons.wikimedia.org/wiki/File:Flag_of_the_Cocos_(Keeling)_Island.svg
170	170.webp	Colombia	See File history below for details.	Public domain	https://commons.wikimedia.org/wiki/File:Flag_of_Colombia.svg
174	174.webp	Comoros	Original: Comoros; Vector: see file history	Public domain	https://commons.wikimedia.org/wiki/File:Flag_of_the_Comoros.svg
175	175.webp	Mayotte	Germenfer	CC0	https://commons.wikimedia.org/wiki/File:Flag_of_Mayotte_(Local).svg
178	178.webp	Republic of the Congo	See File history below for details.	Public domain	https://commons.wikimedia.org/wiki/File:Flag_of_the_Republic_of_the_Congo.svg
180	180.webp	DR Congo	Nightstallion	Public domain	https://commons.wikimedia.org/wiki/File:Flag_of_the_Democratic_Republic_of_the_Congo.svg
184	184.webp	Cook Islands	unknown author	Public domain	https://commons.wikimedia.org/wiki/File:Flag_of_the_Cook_Islands.svg
188	188.webp	Costa Rica	See File history below for details.	Public domain	https://commons.wikimedia.org/wiki/File:Flag_of_Costa_Rica.svg
191	191.webp	Croatia	Nightstallion, Elephantus, Neoneo13, Denelson83, Rainman, R-41, Minestrone, Lupo, Zscout370, MaGa (…	Public domain	https://commons.wikimedia.org/wiki/File:Flag_of_Croatia.svg
192	192.webp	Cuba	Miguel Teurbe Tolón and Narciso López	Public domain	https://commons.wikimedia.org/wiki/File:Flag_of_Cuba.svg
196	196.webp	Cyprus	İsmet Güney, SVG by User:Vzb83~commonswiki	Public domain	https://commons.wikimedia.org/wiki/File:Flag_of_Cyprus.svg
203	203.webp	Czechia	Jaroslav Kursa	Public domain	https://commons.wikimedia.org/wiki/File:Flag_of_the_Czech_Republic.svg
204	204.webp	Benin	Drawn by User:SKopp, rewritten by User:Gabbe	Public domain	https://commons.wikimedia.org/wiki/File:Flag_of_Benin.svg
208	208.webp	Denmark	Madden and others	Public domain	https://commons.wikimedia.org/wiki/File:Flag_of_Denmark.svg
212	212.webp	Dominica	Alwin Bully	Public domain	https://commons.wikimedia.org/wiki/File:Flag_of_Dominica.svg
214	214.webp	Dominican Republic	Juan Pablo Duarte	Public domain	https://commons.wikimedia.org/wiki/File:Flag_of_the_Dominican_Republic.svg
218	218.webp	Ecuador	President of the Republic of Ecuador, first uploaded by Denelson83 as Flag of Ecuador.svg, modifica…	Public domain	https://commons.wikimedia.org/wiki/File:Flag_of_Ecuador.svg
222	222.webp	El Salvador	See File history below for details.	Public domain	https://commons.wikimedia.org/wiki/File:Flag_of_El_Salvador.svg
226	226.webp	Equatorial Guinea	See File history below for details.	Public domain	https://commons.wikimedia.org/wiki/File:Flag_of_Equatorial_Guinea.svg
231	231.webp	Ethiopia	Drawn by User:SKopp	Public domain	https://commons.wikimedia.org/wiki/File:Flag_of_Ethiopia.svg
232	232.webp	Eritrea	Unknown authorUnknown author	Public domain	https://commons.wikimedia.org/wiki/File:Flag_of_Eritrea.svg
233	233.webp	Estonia	Original: Unknown author Vector: SKopp, PeepP and ‍others	Public domain	https://commons.wikimedia.org/wiki/File:Flag_of_Estonia.svg
234	234.webp	Faroe Islands	It was made by User:IceKarma (Jeffrey Connell), who released it to the public domain.	Public domain	https://commons.wikimedia.org/wiki/File:Flag_of_the_Faroe_Islands.svg
238	238.webp	Falkland Islands	Original: Government of the United Kingdom Vector: Nightstallion and Echando una mano	Public domain	https://commons.wikimedia.org/wiki/File:Flag_of_the_Falkland_Islands.svg
239	239.webp	South Georgia	unknown author	CC0	https://commons.wikimedia.org/wiki/File:Flag_of_South_Georgia_and_the_South_Sandwich_Islands.svg
242	242.webp	Fiji	Tessa Mackenzie	Public domain	https://commons.wikimedia.org/wiki/File:Flag_of_Fiji.svg
246	246.webp	Finland	Unknown	Public domain	https://commons.wikimedia.org/wiki/File:Flag_of_Finland.svg
248	248.webp	Åland Islands	created by Zscout370	Public domain	https://commons.wikimedia.org/wiki/File:Flag_of_%C3%85land.svg
250	250.webp	France	Original: Unknown Vector: SKopp	Public domain	https://commons.wikimedia.org/wiki/File:Flag_of_France.svg
254	254.webp	French Guiana	Original: Unknown Vector: SKopp	Public domain	https://commons.wikimedia.org/wiki/File:Flag_of_France.svg
258	258.webp	French Polynesia	Nightstallion	CC0	https://commons.wikimedia.org/wiki/File:Flag_of_French_Polynesia.svg
260	260.webp	French Southern and Antarctic Lands	Académie de Grenoble	Public domain	https://commons.wikimedia.org/wiki/File:Flag_of_the_French_Southern_and_Antarctic_Lands.svg
262	262.webp	Djibouti	Unknown authorUnknown author	Public domain	https://commons.wikimedia.org/wiki/File:Flag_of_Djibouti.svg
266	266.webp	Gabon	Léon Augé and Pierre Claver Eyeghe	Public domain	https://commons.wikimedia.org/wiki/File:Flag_of_Gabon.svg
268	268.webp	Georgia	Last update by MapGrid SKopp	Public domain	https://commons.wikimedia.org/wiki/File:Flag_of_Georgia.svg
270	270.webp	Gambia	Vzb83 iThe source code of the previous SVG was invalid due to 39 errors.	Public domain	https://commons.wikimedia.org/wiki/File:Flag_of_The_Gambia.svg
275	275.webp	Palestine	Orionist, previous versions by Makaristos, Mysid, etc.	Public domain	https://commons.wikimedia.org/wiki/File:Flag_of_Palestine.svg
276	276.webp	Germany	User:SKopp, User:Madden, and other users	Public domain	https://commons.wikimedia.org/wiki/File:Flag_of_Germany.svg
288	288.webp	Ghana	Theodosia Okoh	Public domain	https://commons.wikimedia.org/wiki/File:Flag_of_Ghana.svg
292	292.webp	Gibraltar	Created on behalf of Isabella I of Castile in 1502; this version uploaded by Denelson83 (talk · con…	Public domain	https://commons.wikimedia.org/wiki/File:Flag_of_Gibraltar.svg
296	296.webp	Kiribati	User:Hanzlan	Public domain	https://commons.wikimedia.org/wiki/File:Flag_of_Kiribati.svg
300	300.webp	Greece	Unknown authorUnknown author	Public domain	https://commons.wikimedia.org/wiki/File:Flag_of_Greece.svg
304	304.webp	Greenland	Jeffrey Connell (IceKarma)	Public domain	https://commons.wikimedia.org/wiki/File:Flag_of_Greenland.svg
308	308.webp	Grenada	See file history below for details.	Public domain	https://commons.wikimedia.org/wiki/File:Flag_of_Grenada.svg
312	312.webp	Guadeloupe	Original: Unknown Vector: SKopp	Public domain	https://commons.wikimedia.org/wiki/File:Flag_of_France.svg
316	316.webp	Guam	Xrmap	Public domain	https://commons.wikimedia.org/wiki/File:Flag_of_Guam.svg
320	320.webp	Guatemala	K21edgo	Public domain	https://commons.wikimedia.org/wiki/File:Flag_of_Guatemala.svg
324	324.webp	Guinea	unknown author	Public domain	https://commons.wikimedia.org/wiki/File:Flag_of_Guinea.svg
328	328.webp	Guyana	Whitney Smith	Public domain	https://commons.wikimedia.org/wiki/File:Flag_of_Guyana.svg
332	332.webp	Haiti	(colours and size changes of the now deleted versions) Madden, Vzb83, Denelson83, Chanheigeorge, Zs…	Public domain	https://commons.wikimedia.org/wiki/File:Flag_of_Haiti.svg
334	334.webp	Heard Island and McDonald Islands	Unknown (Vector graphics image by Ian Fieggen) (only minor code changes by uploader.)	Public domain	https://commons.wikimedia.org/wiki/File:Flag_of_Australia_(converted).svg
336	336.webp	Vatican City	Goran_tek-en	Public domain	https://commons.wikimedia.org/wiki/File:Flag_of_Vatican_City_(2023%E2%80%93present).svg
340	340.webp	Honduras	Kes47	Public domain	https://commons.wikimedia.org/wiki/File:Flag_of_Honduras_(1949%E2%80%932022%2C_2026%E2%80%93present).svg
344	344.webp	Hong Kong	Designed by Tao Ho SVG code of 24 November 2005 version copied from Open Clip Art SVG code of 20 Au…	Public domain	https://commons.wikimedia.org/wiki/File:Flag_of_Hong_Kong.svg
348	348.webp	Hungary	SKopp	Public domain	https://commons.wikimedia.org/wiki/File:Flag_of_Hungary.svg
352	352.webp	Iceland	Original: Matthías Þórðarson Vector: Árni Dagur and Magasjukur2	Public domain	https://commons.wikimedia.org/wiki/File:Flag_of_Iceland.svg
356	356.webp	India	Government of India	Public domain	https://commons.wikimedia.org/wiki/File:Flag_of_India.svg
360	360.webp	Indonesia	Jayakatwang	Public domain	https://commons.wikimedia.org/wiki/File:Flag_of_Indonesia.svg
364	364.webp	Iran	SVG file: SiBr4 Designer: Hamid Nadimi Construction: ISIRI	Public domain	https://commons.wikimedia.org/wiki/File:Flag_of_Iran.svg
368	368.webp	Iraq	See File history below for details.	Public domain	https://commons.wikimedia.org/wiki/File:Flag_of_Iraq.svg
372	372.webp	Ireland	Éire	Public domain	https://commons.wikimedia.org/wiki/File:Flag_of_Ireland.svg
376	376.webp	Israel	Israel Belkind and Fanny Abramovitch (original) “The Provisional Council of State Proclamation of t…	Public domain	https://commons.wikimedia.org/wiki/File:Flag_of_Israel.svg
380	380.webp	Italy	See below.	Public domain	https://commons.wikimedia.org/wiki/File:Flag_of_Italy.svg
384	384.webp	Ivory Coast	See File history below for details.	Public domain	https://commons.wikimedia.org/wiki/File:Flag_of_C%C3%B4te_d'Ivoire.svg
388	388.webp	Jamaica	The SVG code is valid. This vector image was created with Inkscape by SKopp, and then manually edit…	Public domain	https://commons.wikimedia.org/wiki/File:Flag_of_Jamaica.svg
392	392.webp	Japan	Various	Public domain	https://commons.wikimedia.org/wiki/File:Flag_of_Japan.svg
398	398.webp	Kazakhstan	Shaken Niyazbekop	Public domain	https://commons.wikimedia.org/wiki/File:Flag_of_Kazakhstan.svg
400	400.webp	Jordan	Unknown	Public domain	https://commons.wikimedia.org/wiki/File:Flag_of_Jordan.svg
404	404.webp	Kenya	User:Pumbaa80	Public domain	https://commons.wikimedia.org/wiki/File:Flag_of_Kenya.svg
408	408.webp	North Korea	Original: Unknown author Vector: Zscout370	Public domain	https://commons.wikimedia.org/wiki/File:Flag_of_North_Korea.svg
410	410.webp	South Korea	Original: Government of the Republic of Korea Vector: Great Brightstar and others	Public domain	https://commons.wikimedia.org/wiki/File:Flag_of_South_Korea.svg
414	414.webp	Kuwait	Derivative works of this file: Standard of the Emir of Kuwait.svg: Flag of Kuwait, Saudi Arabia and…	Public domain	https://commons.wikimedia.org/wiki/File:Flag_of_Kuwait.svg
417	417.webp	Kyrgyzstan	Shakiev N.T., Primov U.B.	Public domain	https://commons.wikimedia.org/wiki/File:Flag_of_Kyrgyzstan.svg
418	418.webp	Laos	SKopp	Public domain	https://commons.wikimedia.org/wiki/File:Flag_of_Laos.svg
422	422.webp	Lebanon	Henri Pharaon	Public domain	https://commons.wikimedia.org/wiki/File:Flag_of_Lebanon.svg
426	426.webp	Lesotho	See File history below for details.	Public domain	https://commons.wikimedia.org/wiki/File:Flag_of_Lesotho.svg
428	428.webp	Latvia	Original: Ansis Cīrulis Vector: SKopp	Public domain	https://commons.wikimedia.org/wiki/File:Flag_of_Latvia.svg
430	430.webp	Liberia	Government of Liberia	Public domain	https://commons.wikimedia.org/wiki/File:Flag_of_Liberia.svg
434	434.webp	Libya	Various The SVG code is valid. This vector image was created with a text editor.	Public domain	https://commons.wikimedia.org/wiki/File:Flag_of_Libya.svg
438	438.webp	Liechtenstein	Mnmazur and others	Public domain	https://commons.wikimedia.org/wiki/File:Flag_of_Liechtenstein.svg
440	440.webp	Lithuania	Original: Jonas Basanavičius, Tadas Daugirdas and Antanas Žmuidzinavičius Vector: SKopp The SVG cod…	Public domain	https://commons.wikimedia.org/wiki/File:Flag_of_Lithuania.svg
442	442.webp	Luxembourg	Drawn by User:SKopp	Public domain	https://commons.wikimedia.org/wiki/File:Flag_of_Luxembourg.svg
446	446.webp	Macau	see File history	Public domain	https://commons.wikimedia.org/wiki/File:Flag_of_Macau.svg
450	450.webp	Madagascar	unknown author	Public domain	https://commons.wikimedia.org/wiki/File:Flag_of_Madagascar.svg
454	454.webp	Malawi	Original: Unknown author Vector: Achim1999	Public domain	https://commons.wikimedia.org/wiki/File:Flag_of_Malawi.svg
458	458.webp	Malaysia	MapGrid (old version SKopp, Zscout370 and Ranking Update)	Public domain	https://commons.wikimedia.org/wiki/File:Flag_of_Malaysia.svg
462	462.webp	Maldives	See File history, below, for details.	Public domain	https://commons.wikimedia.org/wiki/File:Flag_of_Maldives.svg
466	466.webp	Mali	SKopp	Public domain	https://commons.wikimedia.org/wiki/File:Flag_of_Mali.svg
470	470.webp	Malta	See File history below for details.	Public domain	https://commons.wikimedia.org/wiki/File:Flag_of_Malta.svg
474	474.webp	Martinique	User:MapGrid/User:HapHaxion/User:Femfem5/User:Triton, based on work by User:Carport	Public domain	https://commons.wikimedia.org/wiki/File:Flag-of-Martinique.svg
478	478.webp	Mauritania	See File history below for details.	Public domain	https://commons.wikimedia.org/wiki/File:Flag_of_Mauritania.svg
480	480.webp	Mauritius	Zscout370	Public domain	https://commons.wikimedia.org/wiki/File:Flag_of_Mauritius.svg
484	484.webp	Mexico	Alex Covarrubias, 9 April 2006. Based on the arms by Juan Manuel Gabino Villascán.	Public domain	https://commons.wikimedia.org/wiki/File:Flag_of_Mexico.svg
492	492.webp	Monaco	Drawn by User:SKopp	Public domain	https://commons.wikimedia.org/wiki/File:Flag_of_Monaco.svg
496	496.webp	Mongolia	See File history below for details.	Public domain	https://commons.wikimedia.org/wiki/File:Flag_of_Mongolia.svg
498	498.webp	Moldova	Gheorghe Vrabie	Public domain	https://commons.wikimedia.org/wiki/File:Flag_of_Moldova.svg
499	499.webp	Montenegro	B1mbo, Froztbyte, Great Brightstar	Public domain	https://commons.wikimedia.org/wiki/File:Flag_of_Montenegro.svg
500	500.webp	Montserrat	unknown author	Public domain	https://commons.wikimedia.org/wiki/File:Flag_of_Montserrat.svg
504	504.webp	Morocco	Denelson83, Zscout370	Public domain	https://commons.wikimedia.org/wiki/File:Flag_of_Morocco.svg
508	508.webp	Mozambique	FRELIMO	Public domain	https://commons.wikimedia.org/wiki/File:Flag_of_Mozambique.svg
516	516.webp	Namibia	SVG by Vzb83~commonswiki et al.	Public domain	https://commons.wikimedia.org/wiki/File:Flag_of_Namibia.svg
520	520.webp	Nauru	User:Skimel	Public domain	https://commons.wikimedia.org/wiki/File:Flag_of_Nauru.svg
524	524.webp	Nepal	Drawn by Pumbaa80, Achim1999	Public domain	https://commons.wikimedia.org/wiki/File:Flag_of_Nepal.svg
528	528.webp	Netherlands	Zscout370	Public domain	https://commons.wikimedia.org/wiki/File:Flag_of_the_Netherlands.svg
531	531.webp	Curaçao	Original: Unknown Vector: David Benbennick	Public domain	https://commons.wikimedia.org/wiki/File:Flag_of_Cura%C3%A7ao.svg
533	533.webp	Aruba	Original: Whitney Smith Vector: Wester	Public domain	https://commons.wikimedia.org/wiki/File:Flag_of_Aruba.svg
534	534.webp	Sint Maarten	User:Shervinafshar, based on work of User:Washiucho. Earlier non-PD versions by User:SiBr4, User:Fr…	Public domain	https://commons.wikimedia.org/wiki/File:Flag_of_Sint_Maarten.svg
540	540.webp	New Caledonia	User:WarX	Public domain	https://commons.wikimedia.org/wiki/File:Flag_of_FLNKS.svg
548	548.webp	Vanuatu	Kalontas Mahlon	Public domain	https://commons.wikimedia.org/wiki/File:Flag_of_Vanuatu.svg
554	554.webp	New Zealand	Original: Albert Hastings Markham Vector: Zscout370, Hugh Jass, s. File history	Public domain	https://commons.wikimedia.org/wiki/File:Flag_of_New_Zealand.svg
558	558.webp	Nicaragua	C records	Public domain	https://commons.wikimedia.org/wiki/File:Flag_of_Nicaragua.svg
562	562.webp	Niger	Made by: Philippe Verdy User:verdy_p, see also fr:Utilisateur:verdy_p.	Public domain	https://commons.wikimedia.org/wiki/File:Flag_of_Niger.svg
566	566.webp	Nigeria	Jon Harald Søby.	Public domain	https://commons.wikimedia.org/wiki/File:Flag_of_Nigeria.svg
570	570.webp	Niue	SKopp	Public domain	https://commons.wikimedia.org/wiki/File:Flag_of_Niue.svg
574	574.webp	Norfolk Island	openclipart.org	CC0	https://commons.wikimedia.org/wiki/File:Flag_of_Norfolk_Island.svg
578	578.webp	Norway	Original: Fredrik Meltzer Vector: Gutten på Hemsen	Public domain	https://commons.wikimedia.org/wiki/File:Flag_of_Norway.svg
580	580.webp	Northern Mariana Islands	unknown author	Public domain	https://commons.wikimedia.org/wiki/File:Flag_of_the_Northern_Mariana_Islands.svg
581	581.webp	United States Minor Outlying Islands	Uploaded by Dbenbenn; edited by users such as Zscout370, Jacobolus, Indolences, and Technion.	Public domain	https://commons.wikimedia.org/wiki/File:Flag_of_the_United_States.svg
583	583.webp	Micronesia	unknown author	Public domain	https://commons.wikimedia.org/wiki/File:Flag_of_the_Federated_States_of_Micronesia.svg
584	584.webp	Marshall Islands	No machine-readable author provided. SKopp assumed (based on copyright claims).	Public domain	https://commons.wikimedia.org/wiki/File:Flag_of_the_Marshall_Islands.svg
585	585.webp	Palau	Original: John Blau Skebong Vector: Nightstallion	Public domain	https://commons.wikimedia.org/wiki/File:Flag_of_Palau.svg
586	586.webp	Pakistan	User:Zscout370	Public domain	https://commons.wikimedia.org/wiki/File:Flag_of_Pakistan.svg
591	591.webp	Panama	Zscout370 et al.	Public domain	https://commons.wikimedia.org/wiki/File:Flag_of_Panama.svg
598	598.webp	Papua New Guinea	User:Nightstallion	Public domain	https://commons.wikimedia.org/wiki/File:Flag_of_Papua_New_Guinea.svg
600	600.webp	Paraguay	Republica del Paraguay	Public domain	https://commons.wikimedia.org/wiki/File:Flag_of_Paraguay.svg
604	604.webp	Peru	David Benbennick	Public domain	https://commons.wikimedia.org/wiki/File:Flag_of_Peru.svg
608	608.webp	Philippines	See File history below for details.	Public domain	https://commons.wikimedia.org/wiki/File:Flag_of_the_Philippines.svg
612	612.webp	Pitcairn Islands	User:Dbenbenn	Public domain	https://commons.wikimedia.org/wiki/File:Flag_of_the_Pitcairn_Islands.svg
616	616.webp	Poland	See below.	Public domain	https://commons.wikimedia.org/wiki/File:Flag_of_Poland.svg
620	620.webp	Portugal	Original: Columbano Bordalo Pinheiro Vector: Vítor Luís Rodrigues, António Martins-Tuválkin	Public domain	https://commons.wikimedia.org/wiki/File:Flag_of_Portugal_(official).svg
624	624.webp	Guinea-Bissau	Drawn by User:SKopp	Public domain	https://commons.wikimedia.org/wiki/File:Flag_of_Guinea-Bissau.svg
626	626.webp	Timor-Leste	See File history, below, for details.	Public domain	https://commons.wikimedia.org/wiki/File:Flag_of_East_Timor.svg
630	630.webp	Puerto Rico	Original: Unknown Vector: Cerejota	Public domain	https://commons.wikimedia.org/wiki/File:Flag_of_Puerto_Rico.svg
634	634.webp	Qatar	See File history below for details.	Public domain	https://commons.wikimedia.org/wiki/File:Flag_of_Qatar.svg
638	638.webp	Réunion	Ch1902	Public domain	https://commons.wikimedia.org/wiki/File:Proposed_flag_of_R%C3%A9union_(VAR).svg
642	642.webp	Romania	AdiJapan	Public domain	https://commons.wikimedia.org/wiki/File:Flag_of_Romania.svg
643	643.webp	Russia	Peter the Great	Public domain	https://commons.wikimedia.org/wiki/File:Flag_of_Russia.svg
646	646.webp	Rwanda	Original: Unknown Vector: Zscout370	Public domain	https://commons.wikimedia.org/wiki/File:Flag_of_Rwanda.svg
652	652.webp	Saint Barthélemy	The arms are from User:Manassas's Image:Blason St Barthélémy TOM entire.svg.	CC BY 2.5	https://commons.wikimedia.org/wiki/File:Flag_of_Saint_Barth%C3%A9lemy_(local).svg
654	654.webp	Saint Helena, Ascension and Tristan da Cunha	Original: Acts of Union 1800 Vector: Zscout370	Public domain	https://commons.wikimedia.org/wiki/File:Flag_of_the_United_Kingdom_(1-2).svg
659	659.webp	Saint Kitts and Nevis	Edrice Lewis	Public domain	https://commons.wikimedia.org/wiki/File:Flag_of_Saint_Kitts_and_Nevis.svg
660	660.webp	Anguilla	This work created by the United Kingdom Government is in the public domain. This is because it is o…	Public domain	https://commons.wikimedia.org/wiki/File:Flag_of_Anguilla.svg
662	662.webp	Saint Lucia	Dunstan St Omer	Public domain	https://commons.wikimedia.org/wiki/File:Flag_of_Saint_Lucia.svg
663	663.webp	Saint Martin	Original: Unknown Vector: SKopp	Public domain	https://commons.wikimedia.org/wiki/File:Flag_of_France.svg
666	666.webp	Saint Pierre and Miquelon	André Paturel	Public domain	https://commons.wikimedia.org/wiki/File:Flag_of_Saint-Pierre_and_Miquelon.svg
670	670.webp	Saint Vincent and the Grenadines	No machine-readable author provided. SKopp assumed (based on copyright claims).	Public domain	https://commons.wikimedia.org/wiki/File:Flag_of_Saint_Vincent_and_the_Grenadines.svg
674	674.webp	San Marino	Zscout370	Public domain	https://commons.wikimedia.org/wiki/File:Flag_of_San_Marino.svg
678	678.webp	São Tomé and Príncipe	See File history below for details.	Public domain	https://commons.wikimedia.org/wiki/File:Flag_of_S%C3%A3o_Tom%C3%A9_and_Pr%C3%ADncipe.svg
682	682.webp	Saudi Arabia	The Shura Council	Public domain	https://commons.wikimedia.org/wiki/File:Flag_of_Saudi_Arabia.svg
686	686.webp	Senegal	Original upload by Nightstallion	Public domain	https://commons.wikimedia.org/wiki/File:Flag_of_Senegal.svg
688	688.webp	Serbia	See File history below for details.	Public domain	https://commons.wikimedia.org/wiki/File:Flag_of_Serbia.svg
690	690.webp	Seychelles	User:Vxb83	Public domain	https://commons.wikimedia.org/wiki/File:Flag_of_Seychelles.svg
694	694.webp	Sierra Leone	Zscout370	Public domain	https://commons.wikimedia.org/wiki/File:Flag_of_Sierra_Leone.svg
702	702.webp	Singapore	Original: Government of Singapore Vector: Zscout370	Public domain	https://commons.wikimedia.org/wiki/File:Flag_of_Singapore.svg
703	703.webp	Slovakia	Original: Ladislav Čisárik and Ladislav Vrtel Vector: SKopp	Public domain	https://commons.wikimedia.org/wiki/File:Flag_of_Slovakia.svg
704	704.webp	Vietnam	See File history below for details.	Public domain	https://commons.wikimedia.org/wiki/File:Flag_of_Vietnam.svg
705	705.webp	Slovenia	Original: Marko Pogačnik Vector: Achim1999	Public domain	https://commons.wikimedia.org/wiki/File:Flag_of_Slovenia.svg
706	706.webp	Somalia	see upload history	Public domain	https://commons.wikimedia.org/wiki/File:Flag_of_Somalia.svg
710	710.webp	South Africa	Flag design by Frederick Brownell, image by Wikimedia Commons users	Public domain	https://commons.wikimedia.org/wiki/File:Flag_of_South_Africa.svg
716	716.webp	Zimbabwe	See File history below for details.	Public domain	https://commons.wikimedia.org/wiki/File:Flag_of_Zimbabwe.svg
724	724.webp	Spain	RelShot 263, Echando una mano; earlier version was Pedro A. Gracia Fajardo, escudo de Manual de Ima…	Public domain	https://commons.wikimedia.org/wiki/File:Flag_of_Spain.svg
728	728.webp	South Sudan	Achim1999	Public domain	https://commons.wikimedia.org/wiki/File:Flag_of_South_Sudan.svg
729	729.webp	Sudan	See File history below for details.	Public domain	https://commons.wikimedia.org/wiki/File:Flag_of_Sudan.svg
740	740.webp	Suriname	See File history below for details.	Public domain	https://commons.wikimedia.org/wiki/File:Flag_of_Suriname.svg
744	744.webp	Svalbard and Jan Mayen	Original: Fredrik Meltzer Vector: Gutten på Hemsen	Public domain	https://commons.wikimedia.org/wiki/File:Flag_of_Norway.svg
748	748.webp	Eswatini	Sobhuza II	Public domain	https://commons.wikimedia.org/wiki/File:Flag_of_Eswatini.svg
752	752.webp	Sweden	Jon Harald Søby and others.	Public domain	https://commons.wikimedia.org/wiki/File:Flag_of_Sweden.svg
756	756.webp	Switzerland	Original: Unknown Vector: User:Marc Mongenet Credits: User:-xfi- User:Zscout370	Public domain	https://commons.wikimedia.org/wiki/File:Flag_of_Switzerland.svg
760	760.webp	Syria	Modification by AnonMoos of PD image File:Flag of Syria (1930–1958, 1961–1963).svg (previous non-ve…	Public domain	https://commons.wikimedia.org/wiki/File:Flag_of_Syria_(2025-).svg
762	762.webp	Tajikistan	Unknown authorUnknown author	Public domain	https://commons.wikimedia.org/wiki/File:Flag_of_Tajikistan.svg
764	764.webp	Thailand	Zscout370	Public domain	https://commons.wikimedia.org/wiki/File:Flag_of_Thailand.svg
768	768.webp	Togo	Sangjinhwa	Public domain	https://commons.wikimedia.org/wiki/File:Flag_of_Togo_(3-2).svg
772	772.webp	Tokelau	Original: Unknown Vector: Andrwsc	Public domain	https://commons.wikimedia.org/wiki/File:Flag_of_Tokelau.svg
776	776.webp	Tonga	Uelingatoni Ngu Tupoumalohi	Public domain	https://commons.wikimedia.org/wiki/File:Flag_of_Tonga.svg
780	780.webp	Trinidad and Tobago	See File history, below, for details.	Public domain	https://commons.wikimedia.org/wiki/File:Flag_of_Trinidad_and_Tobago.svg
784	784.webp	United Arab Emirates	Abdulla Mohammed Al Maainah	Public domain	https://commons.wikimedia.org/wiki/File:Flag_of_the_United_Arab_Emirates.svg
788	788.webp	Tunisia	Various Wikimedia Commons' contributors	Public domain	https://commons.wikimedia.org/wiki/File:Flag_of_Tunisia.svg
792	792.webp	Türkiye	David Benbennick (original author)	Public domain	https://commons.wikimedia.org/wiki/File:Flag_of_Turkey.svg
795	795.webp	Turkmenistan	unknown author	Public domain	https://commons.wikimedia.org/wiki/File:Flag_of_Turkmenistan.svg
796	796.webp	Turks and Caicos Islands	Unknown authorUnknown author	Public domain	https://commons.wikimedia.org/wiki/File:Flag_of_the_Turks_and_Caicos_Islands.svg
798	798.webp	Tuvalu	Unknown authorUnknown author	Public domain	https://commons.wikimedia.org/wiki/File:Flag_of_Tuvalu.svg
800	800.webp	Uganda	tobias	Public domain	https://commons.wikimedia.org/wiki/File:Flag_of_Uganda.svg
804	804.webp	Ukraine	Government of Ukraine	Public domain	https://commons.wikimedia.org/wiki/File:Flag_of_Ukraine.svg
807	807.webp	North Macedonia	User:SKopp, redrawn by User:Gabbe	Public domain	https://commons.wikimedia.org/wiki/File:Flag_of_North_Macedonia.svg
818	818.webp	Egypt	See File history below for details.	Public domain	https://commons.wikimedia.org/wiki/File:Flag_of_Egypt.svg
826	826.webp	United Kingdom	Original: Acts of Union 1800 Vector: Yaddah	Public domain	https://commons.wikimedia.org/wiki/File:Flag_of_the_United_Kingdom_(3-5).svg
831	831.webp	Guernsey	User:Nightstallion	CC0	https://commons.wikimedia.org/wiki/File:Flag_of_Guernsey.svg
832	832.webp	Jersey	unknown author	Public domain	https://commons.wikimedia.org/wiki/File:Flag_of_Jersey.svg
833	833.webp	Isle of Man	Edited by Reisio, Alkari, e.a.	CC0	https://commons.wikimedia.org/wiki/File:Flag_of_the_Isle_of_Man.svg
834	834.webp	Tanzania	unknown author	Public domain	https://commons.wikimedia.org/wiki/File:Flag_of_Tanzania.svg
840	840.webp	United States	Vector file created by Dbenbenn, Zscout370, Jacobolus, Indolences, and Technion.	Public domain	https://commons.wikimedia.org/wiki/File:Flag_of_the_United_States_(DDD-F-416E_specifications).svg
850	850.webp	United States Virgin Islands	Percival Wilson Sparks. sparksfamilyassn.org. Retrieved on 2026-05-26.	Public domain	https://commons.wikimedia.org/wiki/File:Flag_of_the_United_States_Virgin_Islands.svg
854	854.webp	Burkina Faso	Drawn by SKopp, rewritten by Gabbe and Андрей Перцев	Public domain	https://commons.wikimedia.org/wiki/File:Flag_of_Burkina_Faso.svg
858	858.webp	Uruguay	See File history below for details.	Public domain	https://commons.wikimedia.org/wiki/File:Flag_of_Uruguay.svg
860	860.webp	Uzbekistan	Farhod Yoʻldoshev	Public domain	https://commons.wikimedia.org/wiki/File:Flag_of_Uzbekistan.svg
862	862.webp	Venezuela	Various, see File history below for details.	Public domain	https://commons.wikimedia.org/wiki/File:Flag_of_Venezuela.svg
876	876.webp	Wallis and Futuna	unknown author	Public domain	https://commons.wikimedia.org/wiki/File:Flag_of_Wallis_and_Futuna.svg
882	882.webp	Samoa	Original: Malietoa Tanumafili II and Tupua Tamasese Meaʻole Vector: See the file history below, for…	Public domain	https://commons.wikimedia.org/wiki/File:Flag_of_Samoa.svg
887	887.webp	Yemen	愛喝奶茶	CC BY-SA 4.0	https://commons.wikimedia.org/wiki/File:Flag_of_Yemen.svg
894	894.webp	Zambia	Gabriel Ellison	Public domain	https://commons.wikimedia.org/wiki/File:Flag_of_Zambia.svg
