# InSight catalogue art credits — GENERATED by scripts/build-catalog-art.mjs dogs, do not edit.
# One row per image under web/catalog-art/dogs/:
# key<TAB>file<TAB>name<TAB>author<TAB>licence<TAB>source
# The key is the catalogue key (public/dogs.txt); the file is what
# hosting serves; author and licence are what the licence requires shown
# beside the picture, which the app's credits sheet draws from this file.
# A takedown is `node scripts/build-catalog-art.mjs dogs --remove <key>` (D420).
# 410 entries.
1	1.webp	Affenpinscher	Ingunn Axelsen	CC BY 3.0	https://commons.wikimedia.org/wiki/File:Borismindre.jpg
2	2.webp	Afghan Hound	Томасина	CC BY-SA 3.0	https://commons.wikimedia.org/wiki/File:Afghan_Hound_in_Tallinn.JPG
3	3.webp	Africanis	Bothar at English Wikipedia	CC BY-SA 3.0	https://commons.wikimedia.org/wiki/File:Africanis_(1).jpg
4	4.webp	Aidi	Unknown authorUnknown author	CC BY-SA 3.0	https://commons.wikimedia.org/wiki/File:Aidi.jpg
5	5.webp	Airedale Terrier	by Jane@rangeairevision.com	Copyrighted free use	https://commons.wikimedia.org/wiki/File:Airedale_Terrier.jpg
6	6.webp	Akbash	Jerry Kirkhart from Los Osos, Calif.	CC BY 2.0	https://commons.wikimedia.org/wiki/File:Akbash_Dog_in_CA.jpg
7	7.webp	Akita	TsutsuiKennel	CC BY-SA 4.0	https://commons.wikimedia.org/wiki/File:Akita_inu_criado_por_Tsutsui_Kennel.jpg
8	8.webp	Aksaray Malaklisi	Birhanb, modification: User:Anka Friedrich	CC BY-SA 3.0	https://commons.wikimedia.org/wiki/File:Aksaray_malaklisinin_malaklari.jpg
9	9.webp	Alano Español	Canarian	CC BY-SA 4.0	https://commons.wikimedia.org/wiki/File:Spanish_Alano_2.jpg
10	10.webp	Alapaha Blue Blood Bulldog	Mjrustline	CC BY-SA 3.0	https://commons.wikimedia.org/wiki/File:Alapaha_blue_blood_bulldog2.jpg
12	12.webp	Alaskan Klee Kai	Gnuyen	CC BY-SA 3.0	https://commons.wikimedia.org/wiki/File:Standard_Alaskan_Klee_Kai.jpg
13	13.webp	Alaskan Malamute	SCMW	CC BY 3.0	https://commons.wikimedia.org/wiki/File:Alaskan_Malamute.jpg
15	15.webp	Alpine Dachsbracke	Pleple2000	CC BY-SA 3.0	https://commons.wikimedia.org/wiki/File:Alpejski_go%C5%84czy_kr%C3%B3tkono%C5%BCny_g99.jpg
16	16.webp	American Bulldog	Bully Rascalz	Copyrighted free use	https://commons.wikimedia.org/wiki/File:BUCKEYE_2010_ANCHOR_BULLY_RASCALZ.jpg
17	17.webp	American Bully	Juan. botti	CC BY-SA 3.0	https://commons.wikimedia.org/wiki/File:(2x_ch_GRAN_DALI)_BOTTIcelli_.jpg
18	18.webp	American Cocker Spaniel	unknown author	CC BY-SA 3.0	https://commons.wikimedia.org/wiki/File:AmericanCockerSpaniel_wb.jpg
19	19.webp	American English Coonhound	BurnAway	CC BY 2.0	https://commons.wikimedia.org/wiki/File:Maddie_(8416820450).jpg
20	20.webp	American Eskimo Dog	Christmas w/a K	CC BY-SA 2.0	https://commons.wikimedia.org/wiki/File:American_Eskimo_Dog_1.jpg
22	22.webp	American Hairless Terrier	Nyaah	CC BY-SA 3.0	https://commons.wikimedia.org/wiki/File:American_Hairless_Terrier_Adelor.jpg
23	23.webp	American Leopard Hound	DTabCam	CC0	https://commons.wikimedia.org/wiki/File:Lep2.jpg
24	24.webp	American Pit Bull Terrier	Kpo!:D	Public domain	https://commons.wikimedia.org/wiki/File:American_Pitbull_001.jpg
25	25.webp	American Staffordshire Terrier	Svenska Mässan from Sweden	CC BY-SA 4.0	https://commons.wikimedia.org/wiki/File:AMERICAN_STAFFORDSHIRE_TERRIER%2C_Zican%E2%80%99s_Bz_Ez_Dragon_(24208348891).2.jpg
26	26.webp	American Water Spaniel	unknown author	CC BY-SA 3.0	https://commons.wikimedia.org/wiki/File:AmWaterSpan1.jpg
29	29.webp	Appenzeller Sennenhund	SportKBK	CC BY-SA 4.0	https://commons.wikimedia.org/wiki/File:Abora_z_Velk%C3%A9ho_%C3%9Ajezda5.jpg
32	32.webp	Ariégeois	Bautt	CC BY-SA 3.0	https://commons.wikimedia.org/wiki/File:Ariegeois.jpg
35	35.webp	Artois Hound	not specified (except those with signature on image)	Public domain	https://commons.wikimedia.org/wiki/File:Artois_from_1915.JPG
36	36.webp	Australian Cattle Dog	Zingpix	CC BY 3.0	https://commons.wikimedia.org/wiki/File:ACD-blue-spud.jpg
37	37.webp	Australian Kelpie	D.N. Geerlings (eigenaar)	CC BY-SA 2.5 nl	https://commons.wikimedia.org/wiki/File:Bashyr.jpg
38	38.webp	Australian Shepherd	Christoph Aeschlimann	CC BY-SA 3.0	https://commons.wikimedia.org/wiki/File:Aussi.jpg
39	39.webp	Australian Silky Terrier	island silks	CC BY 2.0	https://commons.wikimedia.org/wiki/File:02_Australian_Silky_Terrier%2C_Zack%2C_spring_2012.jpg
40	40.webp	Australian Stumpy Tail Cattle Dog	Wendy Hodges	CC BY 2.0	https://commons.wikimedia.org/wiki/File:Australian_Stumpy_Tail_Cattle_Dog.jpg
41	41.webp	Australian Terrier	Lilly M	CC BY-SA 3.0	https://commons.wikimedia.org/wiki/File:Australian_Terrier_002_U.jpg
42	42.webp	Austrian Black and Tan Hound	Steffen Heinz (Caronna)	CC BY-SA 2.5	https://commons.wikimedia.org/wiki/File:Brandlbracke.JPG
43	43.webp	Austrian Pinscher	Przykuta	CC BY-SA 2.5	https://commons.wikimedia.org/wiki/File:Pinczer_austiacki_678.jpg
44	44.webp	Azawakh	ToB (2004)	Public domain	https://commons.wikimedia.org/wiki/File:Azawakh_bitch_Shira-tb.jpg
49	49.webp	Barak hound	Svenska Mässan from Sweden	CC BY 2.0	https://commons.wikimedia.org/wiki/File:BIR_Grupp_6-_BOSANSKI_OSTRODLAKI_GONIC-BARAK%2C_Sandy_(23866392689).jpg
50	50.webp	Barbado da Terceira	Andre Heuzer	CC BY-SA 3.0	https://commons.wikimedia.org/wiki/File:Barbado_da_Terceira_(male).JPG
51	51.webp	Barbet	unknown author	Public domain	https://commons.wikimedia.org/wiki/File:Chien_de_race_Barbet.jpg
52	52.webp	Basenji	Novoklimov	CC0	https://commons.wikimedia.org/wiki/File:%D0%91%D0%B0%D1%81%D0%B5%D0%BD%D0%B4%D0%B6%D0%B8_(Basenji)_02.jpg
53	53.webp	Basque Shepherd Dog	unknown author	CC BY-SA 3.0	https://commons.wikimedia.org/wiki/File:Pastor_vasco_m_14months_loby_3018.jpg
54	54.webp	Basset Artésien Normand	Svenska Mässan from Sweden	CC BY 2.0	https://commons.wikimedia.org/wiki/File:Grupp_6_BASSET_ART%C3%89SIEN_NORMAND%2C_Skogvaktarens_Queen_Sally_(24180074612).jpg
55	55.webp	Basset Bleu de Gascogne	M.W. Reichert (Eingestellt von Caronna 10:10, 25 January 2006)	CC BY-SA 3.0	https://commons.wikimedia.org/wiki/File:Basset_bleu_de_Gascogne.jpg
56	56.webp	Basset Fauve de Bretagne	unknown author	CC BY-SA 3.0	https://commons.wikimedia.org/wiki/File:Basset_Fauve_de_Bretagne_600.jpg
58	58.webp	Bavarian Mountain Hound	Ralf Lotys (Sicherlich)	CC BY 2.5	https://commons.wikimedia.org/wiki/File:2005-09_Zoran_1.jpg
60	60.webp	Beagle-Harrier	Grzes1966	CC BY-SA 3.0	https://commons.wikimedia.org/wiki/File:Beagle_harrier.JPG
61	61.webp	Bearded Collie	marbla123	CC BY 2.0	https://commons.wikimedia.org/wiki/File:Bearded_Collie.jpg
62	62.webp	Beauceron	Stefan Schmitz	CC BY-SA 3.0 de	https://commons.wikimedia.org/wiki/File:BeauceronStand.jpg
63	63.webp	Bedlington Terrier	David Owsiany	CC BY-SA 4.0	https://commons.wikimedia.org/wiki/File:Bedlington_terrier.jpeg
64	64.webp	Belgian Shepherd	Various, see description. Compiled by User:Adventurous36	CC BY-SA 4.0	https://commons.wikimedia.org/wiki/File:04_-_Belgian_shepherd_dog_varieties_-_Groenendael%2CTervuren%2C_Malinois%2C_Laekenois.jpg
65	65.webp	Bergamasco Shepherd	unknown author	CC BY-SA 3.0	https://commons.wikimedia.org/wiki/File:Bergamasco_600.jpg
66	66.webp	Berger Picard	No machine-readable author provided. Pleple2000 assumed (based on copyright claims).	CC BY-SA 3.0	https://commons.wikimedia.org/wiki/File:Owczarek_pikardyjski_63.jpg
67	67.webp	Bernese Mountain Dog	Ganjo http://fr.wikipedia.org/wiki/Utilisateur:Ganjo	CC BY-SA 3.0	https://commons.wikimedia.org/wiki/File:Bouviers_Bernois_Ganjo.jpg
68	68.webp	Bichon Frisé	Heike Andres	CC BY-SA 3.0 de	https://commons.wikimedia.org/wiki/File:Bichon_Fris%C3%A9_-_studdogbichon.jpg
69	69.webp	Biewer Terrier	Detlef Breiting	CC BY-SA 3.0	https://commons.wikimedia.org/wiki/File:BiewerH%C3%BCndin.jpg
70	70.webp	Billy	Unknown authorUnknown author	Public domain	https://commons.wikimedia.org/wiki/File:Billy(dog).jpg
71	71.webp	Black and Tan Coonhound	Steffen Heinz (Caronna)	CC BY-SA 2.5	https://commons.wikimedia.org/wiki/File:Black_and_Tan_Coonhound.jpg
72	72.webp	Black Mouth Cur	Photo by Greg Hume (Greg5030)	CC BY-SA 3.0	https://commons.wikimedia.org/wiki/File:BlackMouthCurPortrait.jpg
73	73.webp	Black Norwegian Elkhound	Rvenes	CC BY-SA 3.0	https://commons.wikimedia.org/wiki/File:BlackNorwegianElkhound.jpg
74	74.webp	Black Russian Terrier	Guidopatek	CC BY-SA 3.0	https://commons.wikimedia.org/wiki/File:Malahovkaja_Serenada.jpg
76	76.webp	Blue Lacy	TrueBlueLacys	CC BY-SA 3.0	https://commons.wikimedia.org/wiki/File:BlueLacyPhoto1.jpg
77	77.webp	Blue Picardy Spaniel	Pleple2000	CC BY-SA 3.0	https://commons.wikimedia.org/wiki/File:Epagneul_bleu_de_picardie_868.jpg
78	78.webp	Bluetick Coonhound	unknown author	Public domain	https://commons.wikimedia.org/wiki/File:BluetickCoonhound.jpg
79	79.webp	Boerboel	unknown author	CC BY-SA 3.0	https://commons.wikimedia.org/wiki/File:Boerboel.jpg
80	80.webp	Bohemian Shepherd	Krosandra	CC BY-SA 3.0	https://commons.wikimedia.org/wiki/File:OREADY_KROSANDRA_(14).JPG
81	81.webp	Bohemian Spotted Dog	Pitcairn12	CC BY-SA 4.0	https://commons.wikimedia.org/wiki/File:Bohemian_Spotted_Dog.jpg
82	82.webp	Bolognese	Pleple2000	CC BY-SA 3.0	https://commons.wikimedia.org/wiki/File:Bolo%C5%84czyk_5e3.jpg
83	83.webp	Bolonka	Grebdnil	CC BY-SA 3.0	https://commons.wikimedia.org/wiki/File:Irsika.jpg
85	85.webp	Border Terrier	Floris16	CC BY-SA 3.0	https://commons.wikimedia.org/wiki/File:Border_Terri%C3%ABr.JPG
86	86.webp	Borzoi	Taru T Torpström	CC BY-SA 3.0	https://commons.wikimedia.org/wiki/File:Borzoi_female.jpg
87	87.webp	Boston Terrier	Svenska Mässan from Sweden	CC BY 2.0	https://commons.wikimedia.org/wiki/File:BOSTON_TERRIER%2C_Ving%C3%A5rdens_Essi_von_Richards_(23995273800).2.jpg
88	88.webp	Bouvier des Ardennes	Andreagenial	CC BY-SA 3.0	https://commons.wikimedia.org/wiki/File:Boyero-de-las-ardenas7.jpg
89	89.webp	Bouvier des Flandres	Basco at Dutch Wikipedia (Original text: annekedirven@tiscali.nl)	CC BY-SA 3.0	https://commons.wikimedia.org/wiki/File:Bouvier.JPG
90	90.webp	Boxer	Flickr user boxercab	CC BY 2.0	https://commons.wikimedia.org/wiki/File:Boxer_female_brown.jpg
91	91.webp	Boykin Spaniel	PCullomO	CC BY-SA 3.0	https://commons.wikimedia.org/wiki/File:Boykin_Spaniel_Relaxing2.jpg
92	92.webp	Bracco Italiano	Svenska Mässan from Sweden	CC BY 2.0	https://commons.wikimedia.org/wiki/File:BIR_Grupp_7-_BRACCO_ITALIANO%2C_Nuits_Di_Montemassi_(23866391829).jpg
93	93.webp	Braque d'Auvergne	Mrsthurlow	CC BY-SA 3.0	https://commons.wikimedia.org/wiki/File:Braque_d_Auvergne.jpg
94	94.webp	Braque du Bourbonnais	Mic comte at English Wikipedia	CC BY-SA 3.0	https://commons.wikimedia.org/wiki/File:Braque_du_Bourbonnais.jpg
95	95.webp	Braque Français	Pleple2000	CC BY-SA 3.0	https://commons.wikimedia.org/wiki/File:Wy%C5%BCe%C5%82_pirenejski_308.jpg
96	96.webp	Braque Saint-Germain	Pleple2000	CC BY-SA 3.0	https://commons.wikimedia.org/wiki/File:Braque_saint-germain_666.jpg
97	97.webp	Brazilian Terrier	Svenska Mässan from Sweden	CC BY-SA 4.0	https://commons.wikimedia.org/wiki/File:TERRIER_BRASILEIRO%2C_DK_JV-15_DK_V-15_Jyv%C3%A4m%C3%A4en_Zircon_Zr_(24265479706).2.jpg
98	98.webp	Briard	Birgit Balzer, Deutschland (uploaded by Caronna 17:00, 10 Feb 2005 (UTC))	CC BY-SA 3.0	https://commons.wikimedia.org/wiki/File:Briard_fauve.JPG
100	100.webp	Briquet Griffon Vendéen	Alephalpha	CC BY-SA 3.0	https://commons.wikimedia.org/wiki/File:Briquet_Griffon_Vendeen.jpg
101	101.webp	Brittany	Pharaoh Hound	CC BY-SA 3.0	https://commons.wikimedia.org/wiki/File:American_Brittany_standing.jpg
102	102.webp	Broholmer	Pleple2000	CC BY-SA 3.0	https://commons.wikimedia.org/wiki/File:Broholmer_634.jpg
103	103.webp	Bruno Jura Hound	Alephalpha	CC BY-SA 3.0	https://commons.wikimedia.org/wiki/File:09057110_Jura_Laufhund.jpg
104	104.webp	Bucovina Shepherd Dog	P.Marlow at English Wikipedia	Public domain	https://commons.wikimedia.org/wiki/File:Bucovina_Sheepdog.jpg
105	105.webp	Bulgarian Hound	BG Macedonia	Public domain	https://commons.wikimedia.org/wiki/File:Bulgarian_barak.jpg
106	106.webp	Bulgarian Scenthound	BG Macedonia	Public domain	https://commons.wikimedia.org/wiki/File:Bulgarsko_gonche.jpg
107	107.webp	Bull Arab	Tacosunday	CC BY-SA 3.0	https://commons.wikimedia.org/wiki/File:Bull_Arab_(dog).jpg
108	108.webp	Bull Terrier	Lilly M	CC BY-SA 2.5	https://commons.wikimedia.org/wiki/File:Bullterier_089_LM.jpg
109	109.webp	Bulldog	Pleple2000	CC BY-SA 3.0	https://commons.wikimedia.org/wiki/File:Racib%C3%B3rz_2007_082.jpg
110	110.webp	Bullmastiff	unknown author	CC BY-SA 3.0	https://commons.wikimedia.org/wiki/File:Dog_Bullmastiff_600.jpg
111	111.webp	Bully Kutta	Shaffu007	CC BY-SA 4.0	https://commons.wikimedia.org/wiki/File:Bully_kutta_naulakhia.tif
114	114.webp	Ca Mè Mallorquí	Govern de les Illes Balears	CC BY-SA 3.0	https://commons.wikimedia.org/wiki/File:Ca_m%C3%A8_mallorqu%C3%AD_03a.jpg
116	116.webp	Cairn Terrier	Ronald Müller-Hagen (Ketterechts)	CC BY-SA 3.0	https://commons.wikimedia.org/wiki/File:Cairn-Terrier-Garten1.jpg
117	117.webp	Calupoh	Jenniffer1987	CC BY-SA 4.0	https://commons.wikimedia.org/wiki/File:Movimiento_Calupoh.jpg
118	118.webp	Campeiro Bulldog	Tacosunday (talk)	Public domain	https://commons.wikimedia.org/wiki/File:Buldogue_Campeiro.jpg
119	119.webp	Can de Chira	Mondarruego2004	Public domain	https://commons.wikimedia.org/wiki/File:Can_de_Chira.jpg
120	120.webp	Can de Palleiro	Berkano2024	CC BY-SA 4.0	https://commons.wikimedia.org/wiki/File:Can_de_Palleiro.jpg
121	121.webp	Canaan Dog	Samorodokhanaana http://www.ruscanaan.ru	CC BY-SA 3.0	https://commons.wikimedia.org/wiki/File:CanaanDogChakede1.jpg
122	122.webp	Canadian Eskimo Dog	Winterwindmals	Public domain	https://commons.wikimedia.org/wiki/File:Cedpup.jpg
123	123.webp	Cane Corso	Topmoretta	CC BY-SA 4.0	https://commons.wikimedia.org/wiki/File:Anita_Cane_Corso_Italiano_allevato_in_Italia.jpg
126	126.webp	Cantabrian Water Dog	Empresa Perro de Agua del Cantábrico	CC BY 4.0	https://commons.wikimedia.org/wiki/File:Perro_de_Agua_del_Cant%C3%A1brico_Macho_Exposici%C3%B3n.jpg
128	128.webp	Cardigan Welsh Corgi	unknown author	CC BY-SA 3.0	https://commons.wikimedia.org/wiki/File:Cardigan_Welsh_Corgi_600.jpg
130	130.webp	Carolina Dog	Noloha	CC BY-SA 2.0 de	https://commons.wikimedia.org/wiki/File:Carolina_Strand.jpg
131	131.webp	Carpathian Shepherd Dog	Ionete	Public domain	https://commons.wikimedia.org/wiki/File:Carpatin.jpg
132	132.webp	Castro Laboreiro Dog	No machine-readable author provided. Deke~commonswiki assumed (based on copyright claims).	Public domain	https://commons.wikimedia.org/wiki/File:Cao_de_castro_laboreiro.jpg
133	133.webp	Catahoula Leopard Dog	Bugaflee	CC BY-SA 3.0	https://commons.wikimedia.org/wiki/File:SasquatchCatahoulaCurDog.jpg
134	134.webp	Catalan Sheepdog	Donnamosa at Dutch Wikipedia	CC BY-SA 3.0	https://commons.wikimedia.org/wiki/File:Catalaanse_herder.JPG
135	135.webp	Caucasian Shepherd Dog	Pleple2000	CC BY-SA 3.0	https://commons.wikimedia.org/wiki/File:Owczarek_kaukaski_65556.jpg
136	136.webp	Cavalier King Charles Spaniel	Mapovfille	CC BY 3.0	https://commons.wikimedia.org/wiki/File:Betty_Verdure.Photo_Ph.BRIZARD.JPG
137	137.webp	Central Asian Shepherd Dog	Halalosirambankiskecskek	CC BY-SA 4.0	https://commons.wikimedia.org/wiki/File:2.CAO_in_Hungary.jpg
139	139.webp	Cesky Terrier	Steffen Heinz	CC BY-SA 3.0	https://commons.wikimedia.org/wiki/File:Cesky-Terier.jpg
140	140.webp	Chesapeake Bay Retriever	Original uploader was Keith Rousseau at en.wikipedia	CC BY-SA 3.0	https://commons.wikimedia.org/wiki/File:Chesapeake_Bay_Retriever1.jpg
141	141.webp	Chien Français Blanc et Noir	Abujoy	CC BY 4.0	https://commons.wikimedia.org/wiki/File:Fran%C3%A7ais_noir_et_blanc.JPG
143	143.webp	Chien Français Tricolore	Desaix83, d'après le travail de Alephalpha	CC BY-SA 3.0	https://commons.wikimedia.org/wiki/File:Grand_Anglo-Fran%C3%A7ais_Tricolore.jpg
144	144.webp	Chihuahua	Caterinarufo	Public domain	https://commons.wikimedia.org/wiki/File:Chihuahuas-_Holly%2C_Nina%2C_Doralice.jpg
146	146.webp	Chinese Crested Dog	Tommy Gildseth	CC BY 3.0	https://commons.wikimedia.org/wiki/File:IndyStands.jpg
147	147.webp	Chinook	unknown author	Copyrighted free use	https://commons.wikimedia.org/wiki/File:Mountan_Laurel_Ajax_the_Chinook_dog.jpg
148	148.webp	Chippiparai	Richie2089	CC0	https://commons.wikimedia.org/wiki/File:Female_Chippiparai_sitting.jpg
150	150.webp	Chortai	unknown author	CC BY-SA 3.0	https://commons.wikimedia.org/wiki/File:Hortaya_Borzaya.jpg
151	151.webp	Chow Chow	Prayitno/more than 2.5 millions views: thank you!	CC BY 2.0	https://commons.wikimedia.org/wiki/File:01_Chow_Chow.jpg
152	152.webp	Chukotka sled dog	various	Public domain	https://commons.wikimedia.org/wiki/File:Die_Gartenlaube_(1882)_b_829.jpg
153	153.webp	Cimarrón Uruguayo	COMPARCEIRO	CC BY-SA 2.0	https://commons.wikimedia.org/wiki/File:PERRO_CIMARRON.jpg
154	154.webp	Cirneco dell'Etna	de:Benutzer:Jan Eduard, contrast Pleple2000	CC BY-SA 3.0	https://commons.wikimedia.org/wiki/File:Cirneco_dell_Etna_611.jpg
155	155.webp	Clumber Spaniel	Pleple2000	CC BY-SA 3.0	https://commons.wikimedia.org/wiki/File:Clumber_spaniel_767.jpg
159	159.webp	Coton de Tulear	Uschi Goess (eingestellt von Caronna)	CC BY-SA 3.0	https://commons.wikimedia.org/wiki/File:Coton_de_Tular_2.jpg
160	160.webp	Cretan Hound	www.kritikosichnilatis.gr	Copyrighted free use	https://commons.wikimedia.org/wiki/File:Kritikosichnilatis_1.jpg
161	161.webp	Croatian Sheepdog	Michala Mračková	Public domain	https://commons.wikimedia.org/wiki/File:GeraHojda09112055ZG.jpeg
163	163.webp	Czechoslovakian Wolfdog	Margo-CzW at Dutch Wikipedia	CC BY-SA 3.0	https://commons.wikimedia.org/wiki/File:TWH-jolly.JPG
165	165.webp	Dalmatian	Desaix83, d'après le travail de Le dalmatien	CC BY-SA 3.0	https://commons.wikimedia.org/wiki/File:Dalmatien.jpg
166	166.webp	Dandie Dinmont Terrier	en:User:Sannse	CC BY-SA 3.0	https://commons.wikimedia.org/wiki/File:Dandie_Dinmont_Terrier_600.jpg
167	167.webp	Danish Spitz	Jozef	CC BY-SA 3.0	https://commons.wikimedia.org/wiki/File:Dansk_spids.jpg
172	172.webp	Dobermann	Fran Hogan	CC BY 2.5	https://commons.wikimedia.org/wiki/File:Dobermann_Father-and-son.jpg
173	173.webp	Dogo Argentino	joseltr	CC0	https://commons.wikimedia.org/wiki/File:0Dogo-argentino-22122251920.jpg
175	175.webp	Dogue Brasileiro	CS1982	CC BY-SA 4.0	https://commons.wikimedia.org/wiki/File:Dogue_Brasileiro_Orelha_Cortada.jpg
176	176.webp	Dogue de Bordeaux	DJT at Dutch Wikipedia (Original text: DJT)	CC BY-SA 2.5	https://commons.wikimedia.org/wiki/File:DJT_0086.jpg
178	178.webp	Drentse Patrijshond	Eric Broeksma	CC BY-SA 3.0	https://commons.wikimedia.org/wiki/File:Drentse_Patrijshond.jpg
179	179.webp	Drever	Per Killingmo. Norway (dog owner)	CC BY-SA 3.0	https://commons.wikimedia.org/wiki/File:Drever_NUCh_Tanjo.jpg
180	180.webp	Dunker	DogWiki picture pool, checked by DogWiki-Admin 14th June 2006	CC BY-SA 3.0	https://commons.wikimedia.org/wiki/File:Dunker.jpg
181	181.webp	Dutch Shepherd	Teunie at Dutch Wikipedia	CC BY-SA 3.0	https://commons.wikimedia.org/wiki/File:Hollandse_herder_korthaar.jpg
182	182.webp	Dutch Smoushond	Jovare at Dutch Wikipedia	CC BY-SA 3.0	https://commons.wikimedia.org/wiki/File:Hollandsche_smoushonden_2.JPG
184	184.webp	East Siberian Laika	No machine-readable author provided. PrzemekL assumed (based on copyright claims).	Public domain	https://commons.wikimedia.org/wiki/File:East_Siberian_Laika_03.jpg
186	186.webp	English Cocker Spaniel	Jean-Pol GRANDMONT	CC BY 4.0	https://commons.wikimedia.org/wiki/File:%22Bill%22_-_Cocker_spaniel_anglais_1.jpg
187	187.webp	English Foxhound	Chasse_a_courre.jpg: Luna04 at fr.wikipedia derivative work: Anka Friedrich (talk)	CC BY-SA 3.0	https://commons.wikimedia.org/wiki/File:English_Foxhound.jpg
188	188.webp	English Mastiff	Pleple2000	CC BY-SA 3.0	https://commons.wikimedia.org/wiki/File:Mastif_angielski_pregowany_nn.jpg
189	189.webp	English Setter	unknown author	CC BY-SA 3.0	https://commons.wikimedia.org/wiki/File:English_setter.jpg
190	190.webp	English Shepherd	Dsurber at English Wikipedia	CC BY-SA 3.0	https://commons.wikimedia.org/wiki/File:TricolorEnglishShepherdDog.jpg
191	191.webp	English Springer Spaniel	SuviLindholm	CC BY-SA 3.0	https://commons.wikimedia.org/wiki/File:Englishspringerspaniel_Winston.jpg
193	193.webp	Entlebucher Mountain Dog	Leuchtender Hund	CC BY-SA 3.0	https://commons.wikimedia.org/wiki/File:Entlebucher.jpg
195	195.webp	Estonian Hound	Marcin Błaszkowski	Public domain	https://commons.wikimedia.org/wiki/File:Go%C5%84czy_esto%C5%84ski_MB_01.jpg
196	196.webp	Estrela Mountain Dog	Traceywashere at English Wikipedia	CC BY-SA 3.0	https://commons.wikimedia.org/wiki/File:Estrela_Mountain_Dog_6_month_old_male.jpg
197	197.webp	Eurasier	Ekta at Dutch Wikipedia	CC BY-SA 3.0	https://commons.wikimedia.org/wiki/File:Eurasier.jpg
198	198.webp	Faroese Sheepdog	unknown author	Public domain	https://commons.wikimedia.org/wiki/File:Faroe_stamp_255_sheepdog.jpg
199	199.webp	Field Spaniel	Pleple2000	CC BY-SA 3.0	https://commons.wikimedia.org/wiki/File:Field_spaniel_581.jpg
200	200.webp	Fila Brasileiro	Doglover	CC BY 3.0	https://commons.wikimedia.org/wiki/File:Yacare_De_El_Siledin.JPG
201	201.webp	Finnish Hound	Arto Alanenpää	CC BY 3.0	https://commons.wikimedia.org/wiki/File:Nuori-suomenajokoira.jpg
202	202.webp	Finnish Lapphund	SandyA at Dutch Wikipedia (Original text: Sandy)	Public domain	https://commons.wikimedia.org/wiki/File:Finselappenhond_louhi-no_watermark.jpg
203	203.webp	Finnish Spitz	unknown author	CC BY-SA 3.0	https://commons.wikimedia.org/wiki/File:Finnish_Spitz_600.jpg
206	206.webp	French Bulldog	User:Frosya a	CC BY-SA 3.0	https://commons.wikimedia.org/wiki/File:%D0%A4%D1%80%D0%B0%D0%BD%D1%86%D1%83%D0%B7%D1%81%D0%BA%D0%B8%D0%B5_%D0%B1%D1%83%D0%BB%D1%8C%D0%B4%D0%BE%D0%B3%D0%B8_2013-09-02_11-36.JPG
207	207.webp	French Spaniel	unknown author	CC BY-SA 3.0	https://commons.wikimedia.org/wiki/File:Epagneulfrancais.jpg
208	208.webp	Galgo Español	Tux-Man	CC0	https://commons.wikimedia.org/wiki/File:Galgo_espagnol_005.jpg
209	209.webp	Gascon Saintongeois	Petit_Gascon_de_Saintonge.JPG: Jérôme BARDIAU derivative work: Anka Friedrich	CC BY-SA 3.0	https://commons.wikimedia.org/wiki/File:Petit_Gascon_Saintongeois_croped.JPG
210	210.webp	Gaucho sheepdog	Diegopaz070588	CC BY-SA 4.0	https://commons.wikimedia.org/wiki/File:2_Teimoso.jpg
211	211.webp	Georgian Shepherd	Kvarki	CC BY-SA 3.0	https://commons.wikimedia.org/wiki/File:Georgia_Shepherd.jpg
213	213.webp	German Longhaired Pointer	Ottilie Stüwe	Public domain	https://commons.wikimedia.org/wiki/File:DeutschLanghaarneu.jpg
214	214.webp	German Pinscher	unknown author	CC BY-SA 3.0	https://commons.wikimedia.org/wiki/File:German_Pinscher.JPG
216	216.webp	German Shepherd	Erick Drumss Hernández	CC BY-SA 4.0	https://commons.wikimedia.org/wiki/File:Pastor_aleman_a.jpg
217	217.webp	German Shorthaired Pointer	Bonnie van den Born, http://www.bonfoto.nl	CC BY-SA 3.0	https://commons.wikimedia.org/wiki/File:Duitse_staande_korthaar_10-10-1.jpg
218	218.webp	German Spaniel	Steffen Heinz (Caronna)	CC BY-SA 2.5	https://commons.wikimedia.org/wiki/File:Deutscher_Wachtel_2.jpg
219	219.webp	German Spitz	The original uploader was Teuteul at French Wikipedia. Later versions were uploaded by Tornad at fr…	CC BY-SA 3.0	https://commons.wikimedia.org/wiki/File:Un_chien_Spitz_allemand.jpg
220	220.webp	German Wirehaired Pointer	unknown author	CC BY-SA 3.0	https://commons.wikimedia.org/wiki/File:GermanWirehrPtr1_wb.jpg
221	221.webp	Giant Schnauzer	Bonnie van den Born, http://www.bonfoto.nl	CC BY-SA 3.0	https://commons.wikimedia.org/wiki/File:Bvdb-riesen_schnauzer.jpg
222	222.webp	Glen of Imaal Terrier	photo by Scoo	CC BY-SA 2.5	https://commons.wikimedia.org/wiki/File:Adult_Glen_of_Imaal_terrier.jpg
223	223.webp	Golden Retriever	Dukedestiny01.jpg: "Janneke Vreugdenhil" derivative work: Anka Friedrich ([[User talk:Ankaaswe Trix…	Public domain	https://commons.wikimedia.org/wiki/File:Golden_Retriever_Dukedestiny01_drvd.jpg
225	225.webp	Gordon Setter	unknown author	CC BY-SA 3.0	https://commons.wikimedia.org/wiki/File:Orrvilas_enska_w800px.jpg
226	226.webp	Grand Anglo-Français Blanc et Noir	Alephalpha	CC BY-SA 3.0	https://commons.wikimedia.org/wiki/File:Grand_anglo_francais_noir.jpg
227	227.webp	Grand Anglo-Français Blanc et Orange	Alephalpha	CC BY-SA 3.0	https://commons.wikimedia.org/wiki/File:06101298_Grand_anglo_francais_orange.jpg
228	228.webp	Grand Anglo-Français Tricolore	derivative work: Caronna (talk) Grand_anglo_francais_tricol.jpg: Alephalpha	CC BY-SA 3.0	https://commons.wikimedia.org/wiki/File:Grand_anglo_francais_tricol_mod.jpg
229	229.webp	Grand Basset Griffon Vendéen	Original uploader was Sannse at en.wikipedia	CC BY-SA 3.0	https://commons.wikimedia.org/wiki/File:G_Basset_Griffon_Vendeen_600.jpg
231	231.webp	Grand Griffon Vendéen	Rosa Bonheur	Public domain	https://commons.wikimedia.org/wiki/File:Rosa_Bonheur_Grand_Griffon_Vendeen.jpg
232	232.webp	Great Dane	Original uploader was Markovade.pero at sr.wikipedia	CC BY-SA 3.0 rs	https://commons.wikimedia.org/wiki/File:8675eds_win.jpg
233	233.webp	Greater Swiss Mountain Dog	Swissy.JPG: KIKKUZZO88 derivative work: Pleple2000 (talk)	Public domain	https://commons.wikimedia.org/wiki/File:Swissy-2009-11-02.jpg
234	234.webp	Greek Harehound	Hellinikos_Ichnilatis_(Georging).jpg: Georging (Georging91) derivative work: Anka Friedrich (talk)	CC BY-SA 3.0	https://commons.wikimedia.org/wiki/File:Hellinikos_Ichnilatis_(Georging)_cropped.jpg
235	235.webp	Greek Shepherd	Vaggospm	CC BY-SA 4.0	https://commons.wikimedia.org/wiki/File:Gr11.jpg
236	236.webp	Greenland Dog	Slaunger, edited by Thegreenj	CC BY-SA 3.0	https://commons.wikimedia.org/wiki/File:Greenland_dog_upernavik_2007-06-02_sample.jpg
239	239.webp	Griffon Bruxellois	Arne Fagerholt	CC BY 3.0	https://commons.wikimedia.org/wiki/File:Monkey_Bizniz_Drama_Queen.jpg
241	241.webp	Griffon Nivernais	Alephalpha	CC BY-SA 3.0	https://commons.wikimedia.org/wiki/File:Griffon_nivernais.jpg
244	244.webp	Halden Hound	Sabine (dogwiki) on http://www.profi1a.de/dogwiki/index.php/Benutzer:Sabine	CC BY-SA 3.0	https://commons.wikimedia.org/wiki/File:Haldenstovare.jpg
246	246.webp	Hamiltonstövare	sannse	CC BY-SA 3.0	https://commons.wikimedia.org/wiki/File:Hamiltonstovare_600.jpg
247	247.webp	Hanover Hound	Dojkungern	CC BY-SA 3.0	https://commons.wikimedia.org/wiki/File:Hannoverscher_Schweisshund.jpg
248	248.webp	Harrier	Smcmilla (edited by Pharaoh Hound)	Public domain	https://commons.wikimedia.org/wiki/File:Harrier_tricolour.jpg
249	249.webp	Havanese	QHuge	CC BY 4.0	https://commons.wikimedia.org/wiki/File:A_havanese_dog.jpg
250	250.webp	Himalayan Sheepdog	L. Shyamal	CC0	https://commons.wikimedia.org/wiki/File:Himalayan_sheepdog2.jpg
251	251.webp	Hmong bobtail dog	Stephanie See	Public domain	https://commons.wikimedia.org/wiki/File:Hmong_Bobtail_1.jpg
253	253.webp	Hovawart	unknown author	CC BY-SA 3.0	https://commons.wikimedia.org/wiki/File:Dog_Hovavart.jpg
254	254.webp	Huntaway	Cgoodwin	CC BY 3.0	https://commons.wikimedia.org/wiki/File:Huntaway.JPG
255	255.webp	Hygen Hound	Bjørn Konestabo	CC BY-SA 3.0	https://commons.wikimedia.org/wiki/File:Norwegian_Hygenhound.jpg
256	256.webp	Ibizan Hound	Chloroplastik	CC BY-SA 4.0	https://commons.wikimedia.org/wiki/File:AdemasAout2021.ret.jpg
257	257.webp	Icelandic Sheepdog	User Zonjah on en.wikipedia	CC BY-SA 3.0	https://commons.wikimedia.org/wiki/File:Ulfur.jpg
259	259.webp	Indian Spitz	Harryroger (talk)	Public domain	https://commons.wikimedia.org/wiki/File:Indian_spitz.jpg
260	260.webp	Irish Red and White Setter	Missledwidge	CC BY-SA 3.0	https://commons.wikimedia.org/wiki/File:Irish_Red_And_White_Setter_2005.jpg
261	261.webp	Irish Setter	Luis Miguel Bugallo Sánchez (Lmbuga Commons)(Lmbuga Galipedia) Publicada por/Publish by: Luis Migue…	CC BY-SA 3.0	https://commons.wikimedia.org/wiki/File:Can_Setter_dog_GFDL.jpg
262	262.webp	Irish Terrier	Goldmull	CC BY-SA 4.0	https://commons.wikimedia.org/wiki/File:Irish_Terrier_P1060074.jpg
263	263.webp	Irish Water Spaniel	Pleple2000	CC BY-SA 3.0	https://commons.wikimedia.org/wiki/File:Irlandzki_spaniel_wodny_676.jpg
265	265.webp	Istrian Coarse-haired Hound	unknown author	CC BY-SA 3.0	https://commons.wikimedia.org/wiki/File:Istrian_hound2.jpg
266	266.webp	Istrian Shorthaired Hound	No machine-readable author provided. Cazadero assumed (based on copyright claims).	Public domain	https://commons.wikimedia.org/wiki/File:Istrische_Bracke.jpg
267	267.webp	Italian Greyhound	Tesori di Carli	CC BY-SA 4.0	https://commons.wikimedia.org/wiki/File:Charciki_W%C5%82oskie%2C_doros%C5%82y_i_szczeniak.jpg
268	268.webp	Jack Russell Terrier	Plank	CC BY 3.0	https://commons.wikimedia.org/wiki/File:Jack_Russell_Terrier_1.jpg
269	269.webp	Jagdterrier	Pleple2000	CC BY-SA 3.0	https://commons.wikimedia.org/wiki/File:Terier_niemiecki_my%C5%9Bliwski_721.jpg
270	270.webp	Jämthund	unknown author	Public domain	https://commons.wikimedia.org/wiki/File:Jamthlnd.jpg
271	271.webp	Japanese Chin	en:User:Trysha	CC BY-SA 3.0	https://commons.wikimedia.org/wiki/File:Japanese_Chin_adult.jpg
272	272.webp	Japanese Spitz	Hakumichi	Public domain	https://commons.wikimedia.org/wiki/File:JapaneseSpitzPhoto1_-_hiro.jpg
273	273.webp	Japanese Terrier	Pleple2000	CC BY-SA 3.0	https://commons.wikimedia.org/wiki/File:Japanese_Terrier_22.04.2012_2pl.jpg
276	276.webp	Jonangi	Vedichunt	CC BY-SA 4.0	https://commons.wikimedia.org/wiki/File:Jonangi_from_Krishna_District.jpg
277	277.webp	Kai Ken	unknown author	CC BY-SA 3.0	https://commons.wikimedia.org/wiki/File:Image_of_Kai_(dog).jpg
280	280.webp	Kangal Shepherd Dog	friend of tr:user:Onur1991	CC BY-SA 3.0	https://commons.wikimedia.org/wiki/File:Kangal_dog_with_spikey_collar%2C_Turkey.jpg
281	281.webp	Kanni	Crkuberan	CC BY-SA 4.0	https://commons.wikimedia.org/wiki/File:Kanni.jpg
283	283.webp	Karelian Bear Dog	Fraczek.marcin	CC BY-SA 4.0	https://commons.wikimedia.org/wiki/File:Karelski_pies_na_nied%C5%BAwiedzie_sylwetka.JPG
284	284.webp	Karelo-Finnish Laika	Павел Трофимов (Pavel Trofimov)	CC BY 2.5	https://commons.wikimedia.org/wiki/File:Karelo_Finnish_Laika.jpg
286	286.webp	Karst Shepherd	Pleple2000	CC BY-SA 3.0	https://commons.wikimedia.org/wiki/File:Owczarek_kraski_654.jpg
288	288.webp	Keeshond	dancing with wolves	CC BY 2.0	https://commons.wikimedia.org/wiki/File:Keeshond_Majic_standing_cropped.jpg
289	289.webp	Kerry Beagle	Martina Dominick	CC BY-SA 3.0 de	https://commons.wikimedia.org/wiki/File:Kerry_Beagle.jpg
290	290.webp	Kerry Blue Terrier	Peter Kumpert, Germany	CC BY-SA 3.0 de	https://commons.wikimedia.org/wiki/File:Kerry_Blue_Terrier.jpg
292	292.webp	King Charles Spaniel	Pleple2000 10:18, 5 April 2006 (UTC)	CC BY-SA 3.0	https://commons.wikimedia.org/wiki/File:King_Charles_Spaniel_200.jpg
294	294.webp	Kintamani	Imk0278 en.wikipedia	Public domain	https://commons.wikimedia.org/wiki/File:Kintamani.jpg
295	295.webp	Kishu	Sabine, user of DogWiki	CC BY-SA 3.0	https://commons.wikimedia.org/wiki/File:Kishu.jpg
298	298.webp	Komondor	Wiki.awal	CC BY-SA 3.0	https://commons.wikimedia.org/wiki/File:Komondor_dog_breed.jpg
299	299.webp	Kooikerhondje	unknown author	CC BY 2.5	https://commons.wikimedia.org/wiki/File:Kooiker03.jpg
300	300.webp	Koolie	The original uploader was Koolieoz at English Wikipedia.	Public domain	https://commons.wikimedia.org/wiki/File:Pete_may01_web.JPG
301	301.webp	Kromfohrländer	unknown author	CC BY-SA 3.0	https://commons.wikimedia.org/wiki/File:Kromfohrlaender_glatt.jpg
306	306.webp	Kuvasz	Czimbalmos.de	CC BY-SA 3.0	https://commons.wikimedia.org/wiki/File:2-kuvasz.jpg
307	307.webp	Labrador Retriever	SixtyWeb	CC BY-SA 3.0	https://commons.wikimedia.org/wiki/File:Yellow_Labrador_Retriever_2.jpg
308	308.webp	Lagotto Romagnolo	unknown author	CC BY-SA 3.0	https://commons.wikimedia.org/wiki/File:Lagotto_Romagnolo.jpg
311	311.webp	Lakeland Terrier	sannse	CC BY-SA 3.0	https://commons.wikimedia.org/wiki/File:Lakeland_Terrier.jpg
312	312.webp	Lancashire Heeler	Svenska Mässan from Sweden	CC BY 2.0	https://commons.wikimedia.org/wiki/File:Grupp_1%2C_LANCASHIRE_HEELER%2C_NO_UCH_NO_V-14_NO_V-15_SE_UCH_St%C3%A5hlskyttens_Longed_For_Antony_(24284065606).jpg
313	313.webp	Landseer	unknown author	CC BY-SA 3.0	https://commons.wikimedia.org/wiki/File:Landseer.jpg
315	315.webp	Lapponian Herder	Patrik Fors	CC BY-SA 3.0	https://commons.wikimedia.org/wiki/File:Lapskvallhund.jpg
316	316.webp	Large Münsterländer	Pia C. Groening	CC BY-SA 3.0	https://commons.wikimedia.org/wiki/File:GrosserMuensterlaender.jpg
317	317.webp	Leonberger	Kurre92	CC BY-SA 4.0	https://commons.wikimedia.org/wiki/File:Leonberger_male.jpg
319	319.webp	Lhasa Apso	Svenska Mässan from Sweden	CC BY 2.0	https://commons.wikimedia.org/wiki/File:Grupp_9%2C_LHASA_APSO%2C_DK_JV-13_DK_V-14_DK_V-15_NO_UCH_NO_V-15_SE_UCH_Chic_Choix_Some_Like_It_Chic_(24014621720).jpg
322	322.webp	Lobito Herreño	La Manada	CC BY-SA 3.0	https://commons.wikimedia.org/wiki/File:Kinha.jpg
323	323.webp	Löwchen	Jappitoo	CC BY-SA 3.0	https://commons.wikimedia.org/wiki/File:LowchenFemale.jpg
324	324.webp	Lucas Terrier	Harper Barker	CC BY-SA 4.0	https://commons.wikimedia.org/wiki/File:Lucas_Terrier.jpg
325	325.webp	Lupo Italiano	Marco Lerda	CC BY 3.0	https://commons.wikimedia.org/wiki/File:LUPO_ITALIANO_-_PALIO_DI_CENEDA_2018_15.png
329	329.webp	Majorca Shepherd Dog	Mario Agresta	CC BY-SA 3.0	https://commons.wikimedia.org/wiki/File:Ca_de_Bestiar.JPG
330	330.webp	Maltese	Maltezervereniging	Public domain	https://commons.wikimedia.org/wiki/File:Maltezer_Vereniging_Belgie.jpg
331	331.webp	Manchester Terrier	http://www.dogandcollar.com	CC BY 3.0	https://commons.wikimedia.org/wiki/File:Manchesterterrier.jpg
332	332.webp	Maneto	Brindis320	Public domain	https://commons.wikimedia.org/wiki/File:Maneto1.jpg
334	334.webp	Markiesje	Sietske van Maanen at Dutch Wikipedia	Public domain	https://commons.wikimedia.org/wiki/File:Us_babbe.jpg
336	336.webp	Miniature American Shepherd	TanSinVic	CC BY-SA 4.0	https://commons.wikimedia.org/wiki/File:Miniature-american-shepherd-energies.jpg
337	337.webp	Miniature Bull Terrier	Desaix83, d'après le travail de Darmaninjl	CC BY-SA 3.0	https://commons.wikimedia.org/wiki/File:Bull_Terrier_Miniature.jpg
338	338.webp	Miniature Fox Terrier	Tuffleydj	CC BY-SA 3.0	https://commons.wikimedia.org/wiki/File:Mini_Fox_Terrier.jpg
339	339.webp	Miniature Pinscher	Svenska Mässan from Sweden	CC BY 2.0	https://commons.wikimedia.org/wiki/File:Grupp_2_DV%C3%84RGPINCHER%2C_Pincerella%E2%80%99s_Rinaldo_Rosso_(24260846206).jpg
340	340.webp	Miniature Schnauzer	Zorik07	CC BY-SA 3.0	https://commons.wikimedia.org/wiki/File:%D0%9F%D0%B8%D1%82%D0%BE%D0%BC%D0%BD%D0%B8%D0%BA_%22%D0%90%D1%81%D1%81%D0%BE%D0%BD_%D0%90%D1%80%D0%B8%22_%D0%A6%D0%B2%D0%B5%D1%80%D0%B3%D1%88%D0%BD%D0%B0%D1%83%D1%86%D0%B5%D1%80%D1%8B_%D0%B1%D0%B5%D0%BB%D1%8B%D0%B5_%D0%B8_%D1%87%D0%B5%D1%80%D0%BD%D1%8B%D0%B5_%D1%81_%D1%81%D0%B5%D1%80%D0%B5%D0%B1%D1%80%D0%BE%D0%BC_12.jpg
342	342.webp	Molossus of Epirus	Buzo kaos	CC BY-SA 4.0	https://commons.wikimedia.org/wiki/File:Molossus_dog_in_Albania.jpeg
344	344.webp	Montenegrin Mountain Hound	Canarian	CC BY 4.0	https://commons.wikimedia.org/wiki/File:Montenegronak.jpg
345	345.webp	Moscow Watchdog	Canarian	CC BY-SA 3.0	https://commons.wikimedia.org/wiki/File:Moscowwatchdog.jpg
346	346.webp	Mountain Cur	ThoHug	CC BY-SA 4.0	https://commons.wikimedia.org/wiki/File:Mtncur.png
348	348.webp	Mudhol Hound	unknown author	CC BY-SA 3.0	https://commons.wikimedia.org/wiki/File:Caravan_hound_Closeupfire.jpg
349	349.webp	Mudi	Vulpes at Dutch Wikipedia	Public domain	https://commons.wikimedia.org/wiki/File:Hondenras_Mudi.jpg
350	350.webp	Neapolitan Mastiff	Philip Thompson	CC BY-SA 3.0	https://commons.wikimedia.org/wiki/File:Neapolitan_Mastiff_Male_Head.JPG
351	351.webp	Nenets Herding Laika	Sergey.vlad.popov	CC BY-SA 4.0	https://commons.wikimedia.org/wiki/File:%D0%9D%D0%B5%D0%BD%D0%B5%D1%86%D0%BA%D0%B0%D1%8F_%D0%BB%D0%B0%D0%B9%D0%BA%D0%B0_10.jpg
352	352.webp	New Guinea singing dog	Patti McNeal	CC BY 2.0	https://commons.wikimedia.org/wiki/File:New_Guinea_Singing_Dog_on_trail-Cropped.jpg
355	355.webp	Norfolk Terrier	Robin Wellmann	Public domain	https://commons.wikimedia.org/wiki/File:Charmonty_Norfolkterrier.jpg
356	356.webp	Norrbottenspets	unknown author	CC BY-SA 3.0	https://commons.wikimedia.org/wiki/File:Nordic_Spitz.jpg
357	357.webp	Northern Inuit Dog	Malfuros	CC BY-SA 3.0	https://commons.wikimedia.org/wiki/File:Northern_Inuit_Dog.jpg
358	358.webp	Norwegian Buhund	unknown author	CC BY-SA 3.0	https://commons.wikimedia.org/wiki/File:Norwegian_Buhund_600.jpg
359	359.webp	Norwegian Elkhound	Sannse	CC BY-SA 3.0	https://commons.wikimedia.org/wiki/File:Norwegian_Elkhound.jpg
360	360.webp	Norwegian Lundehund	Karen Elise Dahlmo	CC BY-SA 3.0	https://commons.wikimedia.org/wiki/File:Lundehund-2003.jpg
361	361.webp	Norwich Terrier	H. Gisin	CC BY-SA 3.0	https://commons.wikimedia.org/wiki/File:Norwichterrier.jpg
362	362.webp	Nova Scotia Duck Tolling Retriever	Cal119 at English Wikipedia	Public domain	https://commons.wikimedia.org/wiki/File:Duck_Toller.jpg
364	364.webp	Old Danish Pointer	Pleple2000	CC BY-SA 3.0	https://commons.wikimedia.org/wiki/File:Wy%C5%BCe%C5%82_du%C5%84ski_123.jpg
366	366.webp	Olde English Bulldogge	Don Pelon	CC BY-SA 3.0	https://commons.wikimedia.org/wiki/File:Olde_English_Bulldogge_Crop.jpg
367	367.webp	Otterhound	No machine-readable author provided. Machinecha~commonswiki assumed (based on copyright claims).	Public domain	https://commons.wikimedia.org/wiki/File:Two_otterhounds.jpg
368	368.webp	Pachón Navarro	AnonymousUnknown author	Public domain	https://commons.wikimedia.org/wiki/File:NAFAR_EPER_TXAKURRA_1890.jpg
369	369.webp	Pampas Deerhound	Silvia Corbucci	Public domain	https://commons.wikimedia.org/wiki/File:Veadeiro_pampeano.JPG
370	370.webp	Papillon	Gvdmoort	CC BY-SA 3.0	https://commons.wikimedia.org/wiki/File:Outdoor_Continental_Toy_Spaniel_Papillon.jpeg
371	371.webp	Parson Russell Terrier	unknown author	CC BY-SA 3.0	https://commons.wikimedia.org/wiki/File:Parson_Russell_Terrier.jpg
374	374.webp	Patagonian Sheepdog	Gernikatar	CC BY-SA 4.0	https://commons.wikimedia.org/wiki/File:Ovejero_magall%C3%A1nico_2.jpg
375	375.webp	Patterdale Terrier	Alephalpha	CC BY-SA 3.0	https://commons.wikimedia.org/wiki/File:05078045_Patterdale_Terrier.jpg
376	376.webp	Pekingese	SheltieBoy	CC BY 2.0	https://commons.wikimedia.org/wiki/File:1AKC_Pekingese_Dog_Show_2011.jpg
377	377.webp	Pembroke Welsh Corgi	Dog breed facts	CC BY-SA 4.0	https://commons.wikimedia.org/wiki/File:Welsh_Pembroke_Corgi.jpg
380	380.webp	Peruvian Hairless Dog	Tuomas Rinta, Trinta at fi.wikipedia	CC BY 2.5	https://commons.wikimedia.org/wiki/File:Taru_metsa.jpg
381	381.webp	Petit Basset Griffon Vendéen	Sannse	CC BY-SA 3.0	https://commons.wikimedia.org/wiki/File:P_Basset_Griffon_Vendeen_600.jpg
382	382.webp	Petit Bleu de Gascogne	Katarzyna Bujko	CC BY 3.0	https://commons.wikimedia.org/wiki/File:Ma%C5%82y_go%C5%84czy_gasko%C5%84ski_Cita_z_Beckova_Cb5.jpg
383	383.webp	Phalène	Pleple2000	CC BY-SA 3.0	https://commons.wikimedia.org/wiki/File:Spaniel_miniaturowy_kontynentalny_phalene_00.jpg
384	384.webp	Pharaoh Hound	Pleple2000	CC BY-SA 3.0	https://commons.wikimedia.org/wiki/File:Pies_faraona_e34.jpg
386	386.webp	Phu Quoc Ridgeback	Stefan from Dresden, Germany	CC BY 2.0	https://commons.wikimedia.org/wiki/File:Phu_Quoc_dog.jpg
387	387.webp	Picardy Spaniel	Pleple2000	CC BY-SA 3.0	https://commons.wikimedia.org/wiki/File:Epagneul_picard_685.jpg
388	388.webp	Plott Hound	Canarian	CC BY-SA 4.0	https://commons.wikimedia.org/wiki/File:Plotthound-red1.jpg
391	391.webp	Podenco Canario	unknown author	CC BY-SA 3.0	https://commons.wikimedia.org/wiki/File:Podenco_Canario_2.jpg
394	394.webp	Poitevin	Canarian	CC BY-SA 4.0	https://commons.wikimedia.org/wiki/File:Poitevin_Hound.jpg
395	395.webp	Polish Greyhound	Pleple2000	CC BY-SA 3.0	https://commons.wikimedia.org/wiki/File:Chart_polski_67u7.jpg
396	396.webp	Polish Hound	Grzegorz Weron	CC BY 2.5	https://commons.wikimedia.org/wiki/File:PolishScenthound-ChPl-NEMROD-KlusujacaSfora-wl.GrzegorzWeron.jpg
397	397.webp	Polish Lowland Sheepdog	unknown author	CC BY-SA 3.0	https://commons.wikimedia.org/wiki/File:Polski_owczarek_nizinny.jpg
399	399.webp	Pont-Audemer Spaniel	Alephalpha	CC BY-SA 3.0	https://commons.wikimedia.org/wiki/File:04031158_Epagneul_Pont_Audemer.jpg
401	401.webp	Porcelaine	unknown author	CC BY-SA 3.0	https://commons.wikimedia.org/wiki/File:Porcelaine.jpg
402	402.webp	Portuguese Podengo	unknown author	CC BY-SA 3.0	https://commons.wikimedia.org/wiki/File:Podengo_Portugues.jpg
403	403.webp	Portuguese Pointer	No machine-readable author provided. Afonso Silva~commonswiki assumed (based on copyright claims).	CC BY-SA 3.0	https://commons.wikimedia.org/wiki/File:Portuguese_pointer_11yo.jpg
404	404.webp	Portuguese Sheepdog	unknown author	CC BY-SA 3.0	https://commons.wikimedia.org/wiki/File:Cao_de_Serra_de_Aires600.jpg
406	406.webp	Posavac Hound	Mirta12	CC BY-SA 3.0	https://commons.wikimedia.org/wiki/File:Posavac.jpg
407	407.webp	Pražský Krysařík	Jenc	CC BY-SA 3.0	https://commons.wikimedia.org/wiki/File:Ex_perla_moravy_1.jpg
408	408.webp	Presa Canario	Canarian	CC BY-SA 3.0	https://commons.wikimedia.org/wiki/File:Canary_Mastiff_red-brindle2.JPG
409	409.webp	Pudelpointer	unknown author	CC BY-SA 3.0	https://commons.wikimedia.org/wiki/File:Pudelpointer_on_point.jpg
411	411.webp	Puli	Sannse	CC BY-SA 3.0	https://commons.wikimedia.org/wiki/File:Puli_600.jpg
412	412.webp	Pumi	Taru T Torpström	CC BY-SA 3.0	https://commons.wikimedia.org/wiki/File:Hungarianpumi.JPG
413	413.webp	Pungsan	Maeng9981	CC BY-SA 3.0	https://commons.wikimedia.org/wiki/File:Poongsandogs.JPG
414	414.webp	Pyrenean Mastiff	TBjornstad 07:59, 6 October 2006 (UTC)	CC BY-SA 3.0	https://commons.wikimedia.org/wiki/File:MasPiri-Lula-ESP.jpg
415	415.webp	Pyrenean Mountain Dog	unknown author	CC BY-SA 3.0	https://commons.wikimedia.org/wiki/File:Pyrenean_Mountain_Dog_600.jpg
417	417.webp	Rafeiro do Alentejo	unknown author	Copyrighted free use	https://commons.wikimedia.org/wiki/File:Rafeiro_male.jpg
418	418.webp	Rajapalayam	Vbala0733	CC BY-SA 4.0	https://commons.wikimedia.org/wiki/File:(2)_Isha_female_rajapalayam.jpg
419	419.webp	Rampur Greyhound	P.Marlow at English Wikipedia	Public domain	https://commons.wikimedia.org/wiki/File:Rampurgreyhound.jpg
421	421.webp	Rat Terrier	Elf at English Wikipedia	CC BY-SA 3.0	https://commons.wikimedia.org/wiki/File:AmRatTerr11_fx_wb.jpg
423	423.webp	Redbone Coonhound	The original uploader was Arlawson at English Wikipedia.	CC BY-SA 3.0	https://commons.wikimedia.org/wiki/File:Memphis_the_Redbone_Coonhound_(7_Nov_2004).jpg
424	424.webp	Rhodesian Ridgeback	Svenska Mässan from Sweden	CC BY 2.0	https://commons.wikimedia.org/wiki/File:Grupp_6_RHODESIAN_RIDGEBACK%2C_NO_JV-15_SE_VCH_Kadamo_I%E2%80%99m_In_It_For_The_Gold_(23920356649).jpg
426	426.webp	Romanian Mioritic Shepherd Dog	Summer06	CC BY-SA 3.0	https://commons.wikimedia.org/wiki/File:Mioritic.jpg
427	427.webp	Romanian Raven Shepherd Dog	Canarian	CC BY-SA 4.0	https://commons.wikimedia.org/wiki/File:Romanianravencorb1.jpg
428	428.webp	Rottweiler	Томасина	CC BY-SA 4.0	https://commons.wikimedia.org/wiki/File:Rottweiler_Moletai_May_2014.2.jpg
430	430.webp	Russian Spaniel	http://en.wikipedia.org/wiki/Image:Russpaniel.jpg	Public domain	https://commons.wikimedia.org/wiki/File:Russpaniel.jpg
431	431.webp	Russkiy Toy	unknown author	Public domain	https://commons.wikimedia.org/wiki/File:RusskiyToyWelpe9Mon.JPG
432	432.webp	Russo-European Laika	Konrad Loesch	CC BY 2.5	https://commons.wikimedia.org/wiki/File:Russo_European_Laika.jpg
435	435.webp	Sabueso Español	Club del Sabueso Español y Razas Afines	CC BY-SA 4.0	https://commons.wikimedia.org/wiki/File:Angoi_de_A_Fonsagrada.JPG
436	436.webp	Saint Miguel Cattle Dog	Summer05	CC BY-SA 3.0	https://commons.wikimedia.org/wiki/File:Caofila.jpg
437	437.webp	Saint-Usuge Spaniel	DanielV27	Public domain	https://commons.wikimedia.org/wiki/File:EpagneuldeSaintUsuge.jpg
439	439.webp	Saluki	r.	CC BY-SA 3.0	https://commons.wikimedia.org/wiki/File:Red_Smooth_Saluki.jpg
440	440.webp	Samoyed	No machine-readable author provided. Pleple2000 assumed (based on copyright claims).	CC BY-SA 3.0	https://commons.wikimedia.org/wiki/File:Samojed00.jpg
441	441.webp	Sapsali	Sungdo Cho from Seoul	CC BY 2.0	https://commons.wikimedia.org/wiki/File:Korea-Jeonju-Sapsal_dog_in_front_of_a_Hanok_Village-01.jpg
446	446.webp	Schapendoes	unknown author	CC BY-SA 3.0	https://commons.wikimedia.org/wiki/File:Schapendoes.jpg
447	447.webp	Schillerstövare	Pleple2000	CC BY-SA 3.0	https://commons.wikimedia.org/wiki/File:Go%C5%84czy_schillera_g%C5%82owa_j87.jpg
448	448.webp	Schipperke	No machine-readable author provided. 鏑木對馬守 assumed (based on copyright claims).	Public domain	https://commons.wikimedia.org/wiki/File:Schipperke0001.jpg
449	449.webp	Schnauzer	Original uploader was Ninalle at fi.wikipedia	CC BY-SA 3.0	https://commons.wikimedia.org/wiki/File:Emppumenossa.jpg
450	450.webp	Schweizer Laufhund	Jaroslav Kučík (owner)	Public domain	https://commons.wikimedia.org/wiki/File:Vycvik_Stopy_(3).JPG
451	451.webp	Schweizerischer Niederlaufhund	Alephalpha	CC BY-SA 3.0	https://commons.wikimedia.org/wiki/File:08115491_Schwyzer_Niederlaufhund.jpg
452	452.webp	Scottish Deerhound	No machine-readable author provided. Pleple2000 assumed (based on copyright claims).	CC BY-SA 3.0	https://commons.wikimedia.org/wiki/File:Deerhound_305.jpg
453	453.webp	Scottish Terrier	Mider	CC BY-SA 3.0	https://commons.wikimedia.org/wiki/File:Scotish_terrier_burleska_2005.jpg
454	454.webp	Sealyham Terrier	Dr. Sabine Schumann	Public domain	https://commons.wikimedia.org/wiki/File:SealyhamTerrier01.jpg
456	456.webp	Segugio Italiano	Cyberjobe	Public domain	https://commons.wikimedia.org/wiki/File:Segugioitalianopelorasofulvo.JPG
457	457.webp	Segugio Maremmano	Canarian	CC BY-SA 3.0	https://commons.wikimedia.org/wiki/File:Segugio_Maremmano.jpg
458	458.webp	Serbian Hound	Original uploader was Android90 at en.wikipedia	CC BY-SA 3.0	https://commons.wikimedia.org/wiki/File:Serbian_Hound_Face.JPG
459	459.webp	Serbian Tricolour Hound	unknown author	Public domain	https://commons.wikimedia.org/wiki/File:Srpski_Trobojni_Gonic.gif
460	460.webp	Serrano Bulldog	Ivanor Oliviecki	CC BY 3.0	https://commons.wikimedia.org/wiki/File:Anuke.jpg
461	461.webp	Shar Pei	UpdOWN. Original uploader was UpdOWN at ru.wikipedia	CC BY-SA 3.0	https://commons.wikimedia.org/wiki/File:Shar_pei.jpg
462	462.webp	Shetland Sheepdog	unknown author	CC BY-SA 3.0	https://commons.wikimedia.org/wiki/File:ShetlandShpdogBlue2_wb.jpg
463	463.webp	Shiba Inu	Roberto Vasarri	Public domain	https://commons.wikimedia.org/wiki/File:Shiba_inu_taiki.jpg
464	464.webp	Shih Tzu	danny O.	CC BY 2.0	https://commons.wikimedia.org/wiki/File:Shih_Tzu_portrait_show_dog.jpg
466	466.webp	Shiloh Shepherd	No machine-readable author provided. Violaine2 assumed (based on copyright claims).	Public domain	https://commons.wikimedia.org/wiki/File:SirHarley_of_Shenandoah_Kennel.JPG
467	467.webp	Siberian Husky	ShonMichaeli	CC BY-SA 4.0	https://commons.wikimedia.org/wiki/File:Siberian_Husky_-_Mika.jpg
468	468.webp	Silken Windhound	Talismanhound	CC BY-SA 3.0	https://commons.wikimedia.org/wiki/File:Fallon_the_Silken_Windhound.jpg
470	470.webp	Skye Terrier	Pleple2000	CC BY-SA 3.0	https://commons.wikimedia.org/wiki/File:Skye_terrier_800.jpg
471	471.webp	Sloughi	Dr. Sabine Schlenkrich	CC BY-SA 3.0	https://commons.wikimedia.org/wiki/File:Sloughi.jpg
472	472.webp	Slovak Cuvac	unknown author	CC BY-SA 3.0	https://commons.wikimedia.org/wiki/File:Cuvac_1.jpg
474	474.webp	Slovenský kopov	Ing. Štefan Cimbalík	Public domain	https://commons.wikimedia.org/wiki/File:MVP_Nitra_2004_(8).jpg
475	475.webp	Smaland Hound	User:Linathrash	CC BY-SA 3.0	https://commons.wikimedia.org/wiki/File:Smaland-St%C3%B6vare.jpg
476	476.webp	Small Međimurje Dog	MarkoK1984	CC BY 4.0	https://commons.wikimedia.org/wiki/File:Small_Me%C4%91imurje_dog_2_(cropped).jpg
477	477.webp	Small Münsterländer	Edit by Pharaoh Hound, original photo uploaded by Caronna	CC BY 2.5	https://commons.wikimedia.org/wiki/File:Kleiner_Munsterlander_edit.jpg
479	479.webp	Smooth Collie	unknown author	CC BY-SA 3.0	https://commons.wikimedia.org/wiki/File:Smooth_Collie_600.jpg
480	480.webp	Smooth Fox Terrier	Hans863	CC BY-SA 3.0	https://commons.wikimedia.org/wiki/File:Terrier_mix_sh_klaas.jpg
481	481.webp	Soft-coated Wheaten Terrier	sannse	CC BY-SA 3.0	https://commons.wikimedia.org/wiki/File:Soft_Coated_Wheaten_Terrier_600.jpg
483	483.webp	Spanish Mastiff	Mondarruego2011	CC BY-SA 4.0	https://commons.wikimedia.org/wiki/File:Mast%C3%ADn_espa%C3%B1ol%2C_l%C3%ADnea_original_de_trabajo._04.jpg
484	484.webp	Spanish Water Dog	No machine-readable author provided. Brindis320~commonswiki assumed (based on copyright claims).	Public domain	https://commons.wikimedia.org/wiki/File:Perro_agua.jpg
486	486.webp	Spinone Italiano	unknown author	CC BY-SA 3.0	https://commons.wikimedia.org/wiki/File:Spinone_italiano_Daisy.JPG
488	488.webp	St. Bernard	Rafael Dominguez Rodriguez	CC BY-SA 4.0	https://commons.wikimedia.org/wiki/File:Rey_nieve.jpg
490	490.webp	Stabyhoun	mjk23	CC BY 2.0	https://commons.wikimedia.org/wiki/File:Frisianstaby.jpg
491	491.webp	Staffordshire Bull Terrier	No machine-readable author provided. Aixeneta assumed (based on copyright claims).	Public domain	https://commons.wikimedia.org/wiki/File:Staffie.jpg
492	492.webp	Standard Schnauzer	Original uploader was Ninalle at fi.wikipedia	CC BY-SA 3.0	https://commons.wikimedia.org/wiki/File:Emppumenossa.jpg
494	494.webp	Styrian Coarse-haired Hound	Own work	CC BY-SA 3.0	https://commons.wikimedia.org/wiki/File:Steirische_Rauhhaarbracke.jpg
495	495.webp	Sussex Spaniel	Pleple2000	CC BY-SA 3.0	https://commons.wikimedia.org/wiki/File:Sussex_spaniel_t43.jpg
496	496.webp	Swedish Lapphund	Bjørn Roger Larsen	Public domain	https://commons.wikimedia.org/wiki/File:Svensk_lapphund.JPG
497	497.webp	Swedish Vallhund	unknown author	CC BY-SA 3.0	https://commons.wikimedia.org/wiki/File:SwedishVallhundAgility_wb.jpg
498	498.webp	Taigan	Marcin Błaszkowski	Public domain	https://commons.wikimedia.org/wiki/File:Tajgan_MB_002.jpg
499	499.webp	Taiwan Dog	Aechris at English Wikipedia	CC BY-SA 3.0	https://commons.wikimedia.org/wiki/File:Formosan_nina.jpg
503	503.webp	Tatra Shepherd Dog	K.Karpiel	CC BY 4.0	https://commons.wikimedia.org/wiki/File:Polski_Owczarek_Podhala%C5%84ski_30.jpg
504	504.webp	Teddy Roosevelt Terrier	Dkm1987	CC BY-SA 3.0	https://commons.wikimedia.org/wiki/File:Adult_Male_Teddy_Roosevelt_Terrier.jpg
505	505.webp	Telomian	The original uploader was Mariomassone at English Wikipedia.	CC BY-SA 3.0	https://commons.wikimedia.org/wiki/File:Telomian.jpg
506	506.webp	Tenterfield Terrier	David Nemirovsky	CC BY-SA 3.0	https://commons.wikimedia.org/wiki/File:Rosie_the_Champion_Tenterfield_Terrier.jpg
507	507.webp	Thai Bangkaew Dog	Canarian	CC BY-SA 4.0	https://commons.wikimedia.org/wiki/File:Thai_Bangkaew_Dog_2.jpg
508	508.webp	Thai Ridgeback	HiSa Hiller, Schweiz	CC BY-SA 3.0	https://commons.wikimedia.org/wiki/File:Thai-Ridgeback.jpg
510	510.webp	Tibetan Mastiff	Pets Adviser from Brooklyn, USA	CC BY 2.0	https://commons.wikimedia.org/wiki/File:2013_Westminster_Kennel_Club_Dog_Show-_Tibetan_Mastiff_GCH_Sierras'Sasha-Yakone_Nanuk_(8469240739)_(cropped).jpg
512	512.webp	Tibetan Terrier	Flickr user skaty222	CC BY 2.0	https://commons.wikimedia.org/wiki/File:Tibetan_Terrier_Image_001.jpg
513	513.webp	Tonya Finosu	Annwfwn	CC BY-SA 4.0	https://commons.wikimedia.org/wiki/File:Tonya_Finosu.jpg
514	514.webp	Tornjak	unknown author	CC BY-SA 3.0	https://commons.wikimedia.org/wiki/File:Bosniantornjak.jpg
515	515.webp	Tosa	Ludivine HOUDAS	CC BY-SA 3.0	https://commons.wikimedia.org/wiki/File:Bukadai.jpg
516	516.webp	Toy Fox Terrier	Terry Best	CC BY-SA 3.0	https://commons.wikimedia.org/wiki/File:Toy_Fox_Terrier_2.jpg
517	517.webp	Toy Manchester Terrier	User Coneslayer on en.wikipedia	CC BY-SA 2.0	https://commons.wikimedia.org/wiki/File:Toy-manchester-terrier-weave.png
521	521.webp	Treeing Tennessee Brindle	Hummelong	CC BY-SA 3.0	https://commons.wikimedia.org/wiki/File:Sienna_TTBD.jpg
522	522.webp	Treeing Walker Coonhound	Kingkong954	Public domain	https://commons.wikimedia.org/wiki/File:Treeing-walker-coonhound-standing.jpg
524	524.webp	Tyrolean Hound	Ingrid F. (=Fotting)	CC BY-SA 2.0 de	https://commons.wikimedia.org/wiki/File:Tiroler_Bracke.jpg
525	525.webp	Valdueza	Canarian	CC BY-SA 4.0	https://commons.wikimedia.org/wiki/File:Valdueza4.jpg
530	530.webp	Vizsla	Broneder	CC BY-SA 3.0	https://commons.wikimedia.org/wiki/File:Anka_vom_Rudolfsforst.jpg
532	532.webp	Volpino Italiano	unknown author	CC BY-SA 3.0	https://commons.wikimedia.org/wiki/File:Volpino04.jpg
533	533.webp	Weimaraner	Alexander Gratz	Public domain	https://commons.wikimedia.org/wiki/File:Weimaraner_Amigo.jpg
534	534.webp	Welsh Hound	Thomas, John,	Public domain	https://commons.wikimedia.org/wiki/File:Girl_with_a_dog%2C_Llansanffraid_Glynceiriog%3F_NLW3363932.jpg
535	535.webp	Welsh Sheepdog	en:Richard New Forest	CC BY-SA 3.0	https://commons.wikimedia.org/wiki/File:Welsh_Sheepdog.jpg
536	536.webp	Welsh Springer Spaniel	Udo Tjalsma	CC0	https://commons.wikimedia.org/wiki/File:Welsh_Springer_Spaniel_1.jpg
537	537.webp	Welsh Terrier	Fotograf: Ebba Persson. The original uploader was Ebbsson at Swedish Wikipedia. Later versions were…	CC BY-SA 2.5	https://commons.wikimedia.org/wiki/File:Welshterrier.jpg
538	538.webp	West Country Harrier	Internet Archive Book Images	No restrictions	https://commons.wikimedia.org/wiki/File:Hounds_-_their_breeding_and_kennel_management_(1905)_(14740587676).jpg
539	539.webp	West Highland White Terrier	Christopher Walker from Krakow, Poland	CC BY 2.0	https://commons.wikimedia.org/wiki/File:West_Highland_White_Terrier_Krakow.jpg
540	540.webp	West Siberian Laika	unknown author	Public domain	https://commons.wikimedia.org/wiki/File:West_Siberian_Laika.jpg
541	541.webp	Westphalian Dachsbracke	Stute.s	CC BY-SA 3.0	https://commons.wikimedia.org/wiki/File:Westf%C3%A4lische-dachsbracke.JPG
542	542.webp	Wetterhoun	Pleple2000	CC BY-SA 3.0	https://commons.wikimedia.org/wiki/File:Fryzyjski_pies_wodny_u68.jpg
543	543.webp	Whippet	Sagaciousphil	CC BY-SA 3.0	https://commons.wikimedia.org/wiki/File:Whippet_stacked.jpg
546	546.webp	Wire Fox Terrier	Simona Nováková, owner	Public domain	https://commons.wikimedia.org/wiki/File:Elias1%C4%8Derven2006.jpg
547	547.webp	Wirehaired Pointing Griffon	Elf at English Wikipedia	CC BY-SA 3.0	https://commons.wikimedia.org/wiki/File:Korthalsgriffon.jpg
548	548.webp	Wirehaired Vizsla	Broneder	CC BY-SA 3.0	https://commons.wikimedia.org/wiki/File:Anka_vom_Rudolfsforst.jpg
549	549.webp	Xiasi Dog	LauraKelsch	CC BY-SA 3.0	https://commons.wikimedia.org/wiki/File:Xiasi_Quan_dog.jpg
551	551.webp	Xoloitzcuintle	Canarian	CC BY-SA 4.0	https://commons.wikimedia.org/wiki/File:XoloLarge1.jpg
552	552.webp	Yakutian Laika	Yras	CC BY-SA 3.0	https://commons.wikimedia.org/wiki/File:618736210a13.jpg
553	553.webp	Yorkshire Terrier	Gandalfelrojo2	CC BY-SA 4.0	https://commons.wikimedia.org/wiki/File:Imageyorkie.png
554	554.webp	Zerdava	Annwfwn	CC BY-SA 4.0	https://commons.wikimedia.org/wiki/File:Zerdava_dog.jpg
